case:concept:name,event_count,first_event,last_event,unique_activity_count,case_duration_hours
2000000000_00001,12,2018-01-02 12:53:00+00:00,2018-03-29 13:06:00+00:00,12,2064.22
2000000001_00001,15,2018-01-03 08:49:00+00:00,2019-01-17 10:58:00+00:00,14,9098.15
2000000002_00001,18,2018-01-04 13:17:00+00:00,2019-01-17 10:59:00+00:00,15,9069.7
2000000003_00001,12,2018-01-08 06:21:00+00:00,2018-03-08 12:21:00+00:00,12,1422.0
2000000003_00002,12,2018-01-08 06:21:00+00:00,2018-03-08 12:21:00+00:00,12,1422.0
2000000003_00003,12,2018-01-08 06:21:00+00:00,2018-03-08 12:21:00+00:00,12,1422.0
2000000004_00001,12,2018-01-08 06:21:00+00:00,2018-03-29 13:06:00+00:00,12,1926.75
2000000005_00001,16,2018-01-08 09:08:00+00:00,2018-08-02 07:19:00+00:00,14,4942.18
2000000005_00002,8,2018-01-08 09:08:00+00:00,2018-01-08 10:09:00+00:00,8,1.02
2000000006_00001,15,2018-01-08 10:33:00+00:00,2019-01-17 10:59:00+00:00,14,8976.43
2000000007_00001,13,2018-01-08 12:12:00+00:00,2018-03-08 12:22:00+00:00,13,1416.17
2000000008_00001,13,2018-01-08 14:36:00+00:00,2018-02-22 15:18:00+00:00,13,1080.7
2000000009_00001,13,2018-01-02 22:59:00+00:00,2018-03-15 13:13:00+00:00,13,1718.23
2000000010_00001,38,2018-01-09 14:30:00+00:00,2019-01-17 10:59:00+00:00,16,8948.48
2000000011_00001,15,2018-01-09 15:54:00+00:00,2019-01-17 10:59:00+00:00,14,8947.08
2000000012_00001,12,2018-01-10 14:38:00+00:00,2018-03-29 13:06:00+00:00,12,1870.47
2000000013_00001,13,2018-01-10 14:38:00+00:00,2018-02-15 13:51:00+00:00,13,863.22
2000000014_00001,35,2018-01-11 14:41:00+00:00,2019-01-17 10:59:00+00:00,14,8900.3
2000000015_00001,103,2018-01-12 08:51:00+00:00,2019-01-17 10:59:00+00:00,19,8882.13
2000000016_00001,250,2018-01-07 22:59:00+00:00,2019-01-10 14:45:00+00:00,18,8823.77
2000000017_00001,120,2018-01-12 08:52:00+00:00,2019-01-17 10:59:00+00:00,18,8882.12
2000000018_00001,180,2018-01-12 08:52:00+00:00,2019-01-04 22:59:00+00:00,17,8582.12
2000000019_00001,105,2018-01-12 08:52:00+00:00,2019-01-17 10:59:00+00:00,17,8882.12
2000000020_00001,81,2018-01-12 08:52:00+00:00,2019-01-17 10:59:00+00:00,16,8882.12
2000000021_00001,61,2018-01-12 08:52:00+00:00,2018-11-01 15:27:00+00:00,15,7038.58
2000000022_00001,131,2018-01-12 08:52:00+00:00,2019-01-17 10:59:00+00:00,16,8882.12
2000000023_00001,14,2018-01-12 11:58:00+00:00,2019-01-17 10:59:00+00:00,13,8879.02
2000000024_00001,42,2018-01-15 07:47:00+00:00,2018-12-13 13:09:00+00:00,13,7973.37
2000000025_00001,13,2018-01-15 07:46:00+00:00,2018-04-05 13:49:00+00:00,13,1926.05
2000000026_00001,12,2018-01-15 09:13:00+00:00,2018-03-08 12:20:00+00:00,12,1251.12
2000000026_00002,12,2018-01-15 09:13:00+00:00,2018-03-08 12:20:00+00:00,12,1251.12
2000000027_00001,36,2018-01-15 11:52:00+00:00,2019-01-10 14:45:00+00:00,13,8642.88
2000000028_00001,44,2018-01-15 11:52:00+00:00,2018-10-30 11:19:00+00:00,15,6911.45
2000000029_00001,12,2018-01-15 11:54:00+00:00,2018-03-08 12:21:00+00:00,12,1248.45
2000000029_00002,12,2018-01-15 11:54:00+00:00,2018-03-08 12:21:00+00:00,12,1248.45
2000000029_00003,12,2018-01-15 11:54:00+00:00,2018-03-08 12:21:00+00:00,12,1248.45
2000000030_00001,18,2018-01-15 13:51:00+00:00,2018-08-02 14:06:00+00:00,14,4776.25
2000000031_00001,12,2018-01-15 13:51:00+00:00,2018-03-29 13:06:00+00:00,12,1751.25
2000000032_00001,12,2018-01-15 14:53:00+00:00,2018-03-08 12:21:00+00:00,12,1245.47
2000000033_00001,13,2018-01-15 19:18:00+00:00,2018-06-07 11:12:00+00:00,13,3423.9
2000000034_00001,63,2018-01-16 09:23:00+00:00,2018-11-29 15:16:00+00:00,15,7613.88
2000000035_00001,15,2018-01-16 12:10:00+00:00,2019-01-17 10:59:00+00:00,14,8782.82
2000000036_00001,15,2018-01-16 12:33:00+00:00,2019-01-17 10:59:00+00:00,14,8782.43
2000000037_00001,12,2018-01-16 13:39:00+00:00,2018-03-29 13:06:00+00:00,12,1727.45
2000000037_00002,12,2018-01-16 13:39:00+00:00,2018-03-29 13:06:00+00:00,12,1727.45
2000000037_00003,12,2018-01-16 13:39:00+00:00,2018-03-29 13:06:00+00:00,12,1727.45
2000000038_00001,12,2018-01-16 13:39:00+00:00,2018-03-29 13:07:00+00:00,12,1727.47
2000000039_00001,12,2018-01-16 15:40:00+00:00,2018-03-08 12:20:00+00:00,12,1220.67
2000000039_00002,12,2018-01-16 15:40:00+00:00,2018-03-08 12:20:00+00:00,12,1220.67
2000000040_00001,32,2018-01-16 15:41:00+00:00,2019-01-09 14:08:00+00:00,14,8590.45
2000000041_00001,13,2018-01-16 15:41:00+00:00,2018-02-08 13:44:00+00:00,13,550.05
2000000042_00001,13,2018-01-16 15:41:00+00:00,2018-02-08 13:44:00+00:00,13,550.05
2000000043_00001,8,2018-01-17 06:12:00+00:00,2018-01-17 07:12:00+00:00,8,1.0
2000000044_00001,12,2018-01-17 06:13:00+00:00,2018-03-29 13:06:00+00:00,12,1710.88
2000000045_00001,12,2018-01-17 08:35:00+00:00,2018-03-08 12:21:00+00:00,12,1203.77
2000000045_00002,12,2018-01-17 08:35:00+00:00,2018-03-08 12:21:00+00:00,12,1203.77
2000000046_00001,13,2018-01-17 09:54:00+00:00,2018-02-08 13:44:00+00:00,13,531.83
2000000047_00001,278,2018-01-17 13:55:00+00:00,2019-01-10 14:45:00+00:00,17,8592.83
2000000048_00001,13,2018-01-17 14:36:00+00:00,2018-03-15 13:13:00+00:00,13,1366.62
2000000049_00001,12,2018-01-18 12:29:00+00:00,2018-05-09 12:10:00+00:00,12,2663.68
2000000050_00001,12,2018-01-18 13:11:00+00:00,2018-04-05 13:49:00+00:00,12,1848.63
2000000051_00001,12,2018-01-18 13:23:00+00:00,2018-03-08 12:20:00+00:00,12,1174.95
2000000052_00001,11,2018-01-18 15:42:00+00:00,2018-12-03 01:28:00+00:00,11,7641.77
2000000053_00001,18,2018-01-19 08:21:00+00:00,2018-01-29 08:18:00+00:00,11,239.95
2000000054_00001,13,2018-01-19 08:21:00+00:00,2018-03-29 13:06:00+00:00,13,1660.75
2000000054_00002,12,2018-01-19 08:21:00+00:00,2018-03-29 13:06:00+00:00,12,1660.75
2000000054_00003,13,2018-01-19 08:21:00+00:00,2018-03-29 13:06:00+00:00,13,1660.75
2000000054_00004,13,2018-01-19 08:21:00+00:00,2018-03-29 13:06:00+00:00,13,1660.75
2000000055_00001,69,2018-01-19 10:48:00+00:00,2019-01-10 14:46:00+00:00,13,8547.97
2000000056_00001,62,2018-01-19 10:48:00+00:00,2019-01-03 05:38:00+00:00,13,8370.83
2000000057_00001,76,2018-01-19 18:15:00+00:00,2019-01-10 14:46:00+00:00,15,8540.52
2000000058_00001,85,2018-01-19 18:16:00+00:00,2019-01-10 14:46:00+00:00,15,8540.5
2000000059_00001,77,2018-01-19 18:14:00+00:00,2019-01-10 14:46:00+00:00,15,8540.53
2000000060_00001,85,2018-01-19 18:15:00+00:00,2019-01-10 14:46:00+00:00,15,8540.52
2000000061_00001,77,2018-01-19 18:15:00+00:00,2019-01-10 14:46:00+00:00,15,8540.52
2000000062_00001,9,2018-01-19 18:15:00+00:00,2018-07-06 12:10:00+00:00,8,4025.92
2000000063_00001,9,2018-01-19 18:16:00+00:00,2018-07-06 12:10:00+00:00,8,4025.9
2000000064_00001,79,2018-01-19 18:16:00+00:00,2019-01-10 14:46:00+00:00,15,8540.5
2000000065_00001,77,2018-01-19 18:17:00+00:00,2019-01-10 14:46:00+00:00,15,8540.48
2000000066_00001,77,2018-01-19 18:17:00+00:00,2019-01-10 14:46:00+00:00,15,8540.48
2000000067_00001,69,2018-01-19 18:17:00+00:00,2019-01-10 14:46:00+00:00,13,8540.48
2000000068_00001,85,2018-01-19 18:16:00+00:00,2019-01-10 14:46:00+00:00,15,8540.5
2000000069_00001,96,2018-01-19 18:16:00+00:00,2019-01-10 14:46:00+00:00,15,8540.5
2000000070_00001,67,2018-01-19 18:16:00+00:00,2019-01-10 14:46:00+00:00,15,8540.5
2000000071_00001,57,2018-01-19 18:17:00+00:00,2018-12-07 08:09:00+00:00,15,7717.87
2000000072_00001,77,2018-01-19 18:17:00+00:00,2019-01-10 14:46:00+00:00,15,8540.48
2000000073_00001,12,2018-01-22 06:34:00+00:00,2018-03-29 13:06:00+00:00,12,1590.53
2000000074_00001,12,2018-01-22 09:14:00+00:00,2018-03-08 12:20:00+00:00,12,1083.1
2000000075_00001,12,2018-01-22 09:14:00+00:00,2018-03-29 13:07:00+00:00,12,1587.88
2000000076_00001,12,2018-01-22 09:14:00+00:00,2018-03-08 12:20:00+00:00,12,1083.1
2000000076_00002,12,2018-01-22 09:14:00+00:00,2018-03-08 12:20:00+00:00,12,1083.1
2000000076_00003,8,2018-01-22 09:14:00+00:00,2018-01-22 10:14:00+00:00,8,1.0
2000000077_00001,12,2018-01-22 09:14:00+00:00,2018-04-05 13:48:00+00:00,12,1756.57
2000000077_00002,8,2018-01-22 09:14:00+00:00,2018-01-22 10:14:00+00:00,8,1.0
2000000078_00001,19,2018-01-22 09:55:00+00:00,2018-07-06 12:10:00+00:00,13,3962.25
2000000079_00001,12,2018-01-23 11:33:00+00:00,2018-03-29 13:06:00+00:00,12,1561.55
2000000079_00002,12,2018-01-23 11:33:00+00:00,2018-03-29 13:06:00+00:00,12,1561.55
2000000079_00003,12,2018-01-23 11:33:00+00:00,2018-03-29 13:06:00+00:00,12,1561.55
2000000080_00001,12,2018-01-23 13:24:00+00:00,2018-03-22 12:30:00+00:00,12,1391.1
2000000080_00002,8,2018-01-23 13:24:00+00:00,2018-01-23 14:24:00+00:00,8,1.0
2000000081_00001,29,2018-01-23 13:49:00+00:00,2019-01-08 12:35:00+00:00,13,8398.77
2000000082_00001,12,2018-01-24 06:13:00+00:00,2018-03-08 12:21:00+00:00,12,1038.13
2000000082_00002,12,2018-01-24 06:13:00+00:00,2018-03-08 12:21:00+00:00,12,1038.13
2000000083_00001,12,2018-01-24 06:13:00+00:00,2018-03-29 13:06:00+00:00,12,1542.88
2000000083_00002,12,2018-01-24 06:13:00+00:00,2018-03-29 13:06:00+00:00,12,1542.88
2000000083_00003,12,2018-01-24 06:13:00+00:00,2018-03-29 13:06:00+00:00,12,1542.88
2000000084_00001,12,2017-08-31 21:59:00+00:00,2018-02-23 11:14:00+00:00,12,4213.25
2000000085_00001,12,2018-01-25 10:38:00+00:00,2018-03-29 13:06:00+00:00,12,1514.47
2000000086_00001,12,2018-01-25 10:50:00+00:00,2018-03-08 12:21:00+00:00,12,1009.52
2000000086_00002,12,2018-01-25 10:50:00+00:00,2018-03-08 12:21:00+00:00,12,1009.52
2000000087_00001,13,2018-01-25 13:03:00+00:00,2018-04-05 13:51:00+00:00,13,1680.8
2000000088_00001,20,2018-01-25 13:31:00+00:00,2018-07-06 12:10:00+00:00,11,3886.65
2000000089_00001,13,2018-01-25 14:33:00+00:00,2018-04-26 09:16:00+00:00,13,2178.72
2000000090_00001,12,2018-01-25 15:11:00+00:00,2018-02-22 15:17:00+00:00,12,672.1
2000000091_00001,13,2018-01-26 06:11:00+00:00,2018-03-29 13:10:00+00:00,13,1494.98
2000000092_00001,10,2018-01-26 10:50:00+00:00,2018-08-20 00:21:00+00:00,10,4933.52
2000000093_00001,13,2017-12-31 22:59:00+00:00,2018-04-12 12:07:00+00:00,13,2437.13
2000000094_00001,12,2018-01-26 11:33:00+00:00,2018-03-29 13:06:00+00:00,12,1489.55
2000000095_00001,12,2018-01-26 13:14:00+00:00,2018-03-29 13:06:00+00:00,12,1487.87
2000000096_00001,13,2018-01-26 14:30:00+00:00,2018-03-29 13:06:00+00:00,13,1486.6
2000000097_00001,23,2001-02-23 22:59:00+00:00,2019-01-17 11:00:00+00:00,15,156876.02
2000000098_00001,12,2018-01-29 07:54:00+00:00,2018-02-22 15:17:00+00:00,12,583.38
2000000098_00002,12,2018-01-29 07:54:00+00:00,2018-02-22 15:17:00+00:00,12,583.38
2000000098_00003,12,2018-01-29 07:54:00+00:00,2018-02-22 15:17:00+00:00,12,583.38
2000000099_00001,12,2018-01-29 08:57:00+00:00,2018-03-08 12:21:00+00:00,12,915.4
2000000100_00001,464,2017-01-31 22:59:00+00:00,2019-04-30 21:59:00+00:00,20,19655.0
2000000101_00001,25,2018-01-29 09:58:00+00:00,2018-04-26 09:16:00+00:00,15,2087.3
2000000102_00001,64,2018-01-29 10:52:00+00:00,2018-10-26 09:03:00+00:00,15,6478.18
2000000103_00001,12,2018-01-29 12:35:00+00:00,2018-03-29 13:07:00+00:00,12,1416.53
2000000104_00001,12,2018-01-29 13:16:00+00:00,2018-04-05 13:48:00+00:00,12,1584.53
2000000105_00001,8,2018-01-29 13:27:00+00:00,2018-01-29 14:27:00+00:00,8,1.0
2000000106_00001,20,2018-01-29 22:59:00+00:00,2018-03-08 12:23:00+00:00,14,901.4
2000000107_00001,15,2018-01-30 09:08:00+00:00,2019-01-17 11:00:00+00:00,14,8449.87
2000000108_00001,15,2018-01-30 09:23:00+00:00,2019-01-17 11:00:00+00:00,14,8449.62
2000000109_00001,13,2016-05-02 21:59:00+00:00,2018-02-08 13:44:00+00:00,13,15519.75
2000000110_00001,12,2018-01-30 11:13:00+00:00,2018-04-26 09:15:00+00:00,12,2062.03
2000000111_00001,15,2018-01-30 12:17:00+00:00,2019-01-17 11:00:00+00:00,14,8446.72
2000000112_00001,12,2018-01-30 12:49:00+00:00,2018-04-05 13:48:00+00:00,12,1560.98
2000000113_00001,12,2018-01-30 12:54:00+00:00,2018-05-24 11:33:00+00:00,12,2734.65
2000000114_00001,48,2018-01-30 13:41:00+00:00,2019-01-17 11:00:00+00:00,16,8445.32
2000000115_00001,46,2017-12-20 22:59:00+00:00,2019-01-17 11:00:00+00:00,18,9420.02
2000000116_00001,18,2018-01-31 06:15:00+00:00,2018-10-26 09:03:00+00:00,15,6434.8
2000000117_00001,12,2018-01-31 08:40:00+00:00,2018-04-05 13:49:00+00:00,12,1541.15
2000000117_00002,12,2018-01-31 08:40:00+00:00,2018-04-05 13:49:00+00:00,12,1541.15
2000000117_00003,12,2018-01-31 08:40:00+00:00,2018-04-05 13:49:00+00:00,12,1541.15
2000000117_00004,12,2018-01-31 08:40:00+00:00,2018-04-05 13:49:00+00:00,12,1541.15
2000000117_00005,12,2018-01-31 08:40:00+00:00,2018-04-05 13:49:00+00:00,12,1541.15
2000000117_00006,12,2018-01-31 08:40:00+00:00,2018-04-05 13:49:00+00:00,12,1541.15
2000000118_00001,10,2018-01-31 11:06:00+00:00,2018-08-20 00:21:00+00:00,10,4813.25
2000000119_00001,8,2018-01-31 12:12:00+00:00,2018-01-31 13:13:00+00:00,8,1.02
2000000120_00001,18,2018-01-31 13:03:00+00:00,2018-04-26 09:15:00+00:00,13,2036.2
2000000121_00001,12,2018-02-01 06:52:00+00:00,2018-04-05 13:49:00+00:00,12,1518.95
2000000121_00002,12,2018-02-01 06:52:00+00:00,2018-04-05 13:49:00+00:00,12,1518.95
2000000121_00003,12,2018-02-01 06:52:00+00:00,2018-04-05 13:49:00+00:00,12,1518.95
2000000121_00004,12,2018-02-01 06:52:00+00:00,2018-04-05 13:49:00+00:00,12,1518.95
2000000121_00005,12,2018-02-01 06:52:00+00:00,2018-04-05 13:49:00+00:00,12,1518.95
2000000121_00006,12,2018-02-01 06:52:00+00:00,2018-04-05 13:49:00+00:00,12,1518.95
2000000121_00007,12,2018-02-01 06:52:00+00:00,2018-04-05 13:49:00+00:00,12,1518.95
2000000121_00008,12,2018-02-01 06:52:00+00:00,2018-04-05 13:49:00+00:00,12,1518.95
2000000121_00009,12,2018-02-01 06:52:00+00:00,2018-04-05 13:49:00+00:00,12,1518.95
2000000121_00010,12,2018-02-01 06:52:00+00:00,2018-04-05 13:49:00+00:00,12,1518.95
2000000121_00011,12,2018-02-01 06:52:00+00:00,2018-04-05 13:49:00+00:00,12,1518.95
2000000122_00001,31,2018-02-01 09:13:00+00:00,2018-07-26 16:09:00+00:00,15,4206.93
2000000123_00001,12,2018-02-01 09:50:00+00:00,2018-04-26 09:12:00+00:00,12,2015.37
2000000123_00002,12,2018-02-01 09:50:00+00:00,2018-05-24 11:32:00+00:00,12,2689.7
2000000123_00003,12,2018-02-01 09:50:00+00:00,2018-04-26 09:12:00+00:00,12,2015.37
2000000123_00004,12,2018-02-01 09:50:00+00:00,2018-04-26 09:12:00+00:00,12,2015.37
2000000123_00005,12,2018-02-01 09:50:00+00:00,2018-04-26 09:12:00+00:00,12,2015.37
2000000124_00001,12,2018-02-01 09:50:00+00:00,2018-04-05 13:48:00+00:00,12,1515.97
2000000124_00002,12,2018-02-01 09:50:00+00:00,2018-04-05 13:48:00+00:00,12,1515.97
2000000125_00001,10,2018-02-01 09:50:00+00:00,2018-08-20 00:21:00+00:00,10,4790.52
2000000125_00002,10,2018-02-01 09:50:00+00:00,2018-08-20 00:21:00+00:00,10,4790.52
2000000126_00001,12,2018-02-01 10:14:00+00:00,2018-03-15 13:13:00+00:00,12,1010.98
2000000126_00002,12,2018-02-01 10:14:00+00:00,2018-03-15 13:13:00+00:00,12,1010.98
2000000126_00003,12,2018-02-01 10:14:00+00:00,2018-03-15 13:13:00+00:00,12,1010.98
2000000127_00001,12,2018-02-01 15:39:00+00:00,2018-04-26 09:12:00+00:00,12,2009.55
2000000128_00001,21,2018-02-02 13:24:00+00:00,2018-04-05 13:48:00+00:00,15,1488.4
2000000129_00001,13,2018-02-05 07:49:00+00:00,2018-03-29 13:11:00+00:00,13,1253.37
2000000130_00001,12,2018-02-06 08:46:00+00:00,2018-04-26 09:12:00+00:00,12,1896.43
2000000130_00002,12,2018-02-06 08:46:00+00:00,2018-04-26 09:12:00+00:00,12,1896.43
2000000131_00001,17,2018-02-06 12:55:00+00:00,2018-03-15 13:13:00+00:00,14,888.3
2000000131_00002,16,2018-02-06 12:55:00+00:00,2018-03-15 13:13:00+00:00,14,888.3
2000000132_00001,13,2018-02-06 13:14:00+00:00,2018-03-15 13:13:00+00:00,13,887.98
2000000133_00001,12,2018-02-06 15:36:00+00:00,2018-05-24 11:32:00+00:00,12,2563.93
2000000134_00001,12,2018-02-07 07:50:00+00:00,2018-04-05 13:51:00+00:00,12,1374.02
2000000135_00001,12,2018-02-07 07:50:00+00:00,2018-06-28 12:04:00+00:00,12,3388.23
2000000135_00002,12,2018-02-07 07:50:00+00:00,2018-06-28 12:04:00+00:00,12,3388.23
2000000136_00001,9,2018-02-07 08:36:00+00:00,2018-09-26 12:50:00+00:00,9,5548.23
2000000137_00001,12,2018-02-07 08:37:00+00:00,2018-04-05 13:48:00+00:00,12,1373.18
2000000138_00001,12,2018-02-07 09:21:00+00:00,2018-04-19 12:47:00+00:00,12,1707.43
2000000139_00001,12,2018-02-07 12:10:00+00:00,2018-04-26 09:11:00+00:00,12,1869.02
2000000140_00001,12,2018-02-08 07:11:00+00:00,2018-03-29 13:08:00+00:00,12,1181.95
2000000141_00001,12,2018-02-08 07:56:00+00:00,2018-04-26 09:12:00+00:00,12,1849.27
2000000141_00002,12,2018-02-08 07:56:00+00:00,2018-04-26 09:12:00+00:00,12,1849.27
2000000141_00003,12,2018-02-08 07:56:00+00:00,2018-04-26 09:12:00+00:00,12,1849.27
2000000142_00001,10,2018-02-08 07:56:00+00:00,2018-08-20 00:21:00+00:00,10,4624.42
2000000142_00002,10,2018-02-08 07:56:00+00:00,2018-08-20 00:21:00+00:00,10,4624.42
2000000142_00003,10,2018-02-08 07:56:00+00:00,2018-08-20 00:21:00+00:00,10,4624.42
2000000143_00001,13,2018-02-08 11:10:00+00:00,2018-05-09 12:10:00+00:00,13,2161.0
2000000144_00001,13,2018-02-08 13:20:00+00:00,2018-04-26 09:12:00+00:00,13,1843.87
2000000144_00002,12,2018-02-08 13:20:00+00:00,2018-04-26 09:12:00+00:00,12,1843.87
2000000145_00001,13,2018-02-08 13:21:00+00:00,2018-04-26 09:12:00+00:00,13,1843.85
2000000146_00001,29,2018-02-08 13:28:00+00:00,2018-04-05 13:50:00+00:00,15,1344.37
2000000147_00001,13,2018-02-08 13:19:00+00:00,2018-04-05 13:49:00+00:00,13,1344.5
2000000148_00001,12,2018-02-08 13:22:00+00:00,2018-04-26 09:12:00+00:00,12,1843.83
2000000149_00001,12,2018-02-08 13:22:00+00:00,2018-04-05 13:48:00+00:00,12,1344.43
2000000150_00001,12,2018-02-08 14:02:00+00:00,2018-04-05 13:49:00+00:00,12,1343.78
2000000150_00002,12,2018-02-08 14:02:00+00:00,2018-04-05 13:49:00+00:00,12,1343.78
2000000150_00003,12,2018-02-08 14:02:00+00:00,2018-04-05 13:49:00+00:00,12,1343.78
2000000150_00004,12,2018-02-08 14:02:00+00:00,2018-04-05 13:49:00+00:00,12,1343.78
2000000150_00005,12,2018-02-08 14:02:00+00:00,2018-04-05 13:49:00+00:00,12,1343.78
2000000150_00006,12,2018-02-08 14:02:00+00:00,2018-04-05 13:49:00+00:00,12,1343.78
2000000150_00007,12,2018-02-08 14:02:00+00:00,2018-04-05 13:49:00+00:00,12,1343.78
2000000150_00008,12,2018-02-08 14:02:00+00:00,2018-04-05 13:49:00+00:00,12,1343.78
2000000150_00009,12,2018-02-08 14:02:00+00:00,2018-04-05 13:49:00+00:00,12,1343.78
2000000151_00001,12,2018-02-08 15:12:00+00:00,2018-04-05 13:50:00+00:00,12,1342.63
2000000152_00001,12,2018-02-09 07:56:00+00:00,2018-04-05 13:48:00+00:00,12,1325.87
2000000152_00002,12,2018-02-09 07:56:00+00:00,2018-04-05 13:48:00+00:00,12,1325.87
2000000152_00003,12,2018-02-09 07:56:00+00:00,2018-04-05 13:48:00+00:00,12,1325.87
2000000152_00004,12,2018-02-09 07:56:00+00:00,2018-04-05 13:48:00+00:00,12,1325.87
2000000153_00001,10,2018-02-09 08:48:00+00:00,2018-09-06 00:23:00+00:00,10,5007.58
2000000153_00002,10,2018-02-09 08:48:00+00:00,2018-09-06 00:23:00+00:00,10,5007.58
2000000153_00003,10,2018-02-09 08:48:00+00:00,2018-09-06 00:23:00+00:00,10,5007.58
2000000153_00004,10,2018-02-09 08:48:00+00:00,2018-09-06 00:23:00+00:00,10,5007.58
2000000153_00005,10,2018-02-09 08:48:00+00:00,2018-09-06 00:23:00+00:00,10,5007.58
2000000153_00006,10,2018-02-09 08:48:00+00:00,2018-09-06 00:23:00+00:00,10,5007.58
2000000153_00007,10,2018-02-09 08:48:00+00:00,2018-09-06 00:23:00+00:00,10,5007.58
2000000153_00008,10,2018-02-09 08:48:00+00:00,2018-09-06 00:23:00+00:00,10,5007.58
2000000153_00009,10,2018-02-09 08:48:00+00:00,2018-09-06 00:23:00+00:00,10,5007.58
2000000153_00010,10,2018-02-09 08:48:00+00:00,2018-09-06 00:23:00+00:00,10,5007.58
2000000154_00001,13,2018-02-12 08:10:00+00:00,2018-04-05 13:51:00+00:00,13,1253.68
2000000155_00001,12,2018-02-12 10:14:00+00:00,2018-04-05 13:48:00+00:00,12,1251.57
2000000156_00001,13,2018-02-12 12:07:00+00:00,2018-03-08 12:23:00+00:00,13,576.27
2000000157_00001,26,2017-03-13 22:59:00+00:00,2018-07-20 14:36:00+00:00,17,11847.62
2000000157_00002,26,2017-04-27 21:59:00+00:00,2018-07-20 12:04:00+00:00,17,10766.08
2000000157_00003,26,2017-05-11 21:59:00+00:00,2018-07-20 12:45:00+00:00,17,10430.77
2000000157_00004,22,2017-06-05 21:59:00+00:00,2018-04-26 09:15:00+00:00,15,7787.27
2000000158_00001,15,2018-02-12 16:25:00+00:00,2019-01-17 11:01:00+00:00,14,8130.6
2000000159_00001,12,2018-02-13 10:45:00+00:00,2018-04-05 13:48:00+00:00,12,1227.05
2000000160_00001,12,2018-02-14 09:37:00+00:00,2018-04-05 13:49:00+00:00,12,1204.2
2000000160_00002,12,2018-02-14 09:37:00+00:00,2018-04-05 13:49:00+00:00,12,1204.2
2000000161_00001,39,2018-02-14 10:29:00+00:00,2018-08-01 14:14:00+00:00,17,4035.75
2000000162_00001,12,2018-02-14 10:33:00+00:00,2018-04-05 13:49:00+00:00,12,1203.27
2000000162_00002,12,2018-02-14 10:33:00+00:00,2018-04-05 13:49:00+00:00,12,1203.27
2000000163_00001,13,2018-02-14 13:31:00+00:00,2018-08-02 14:06:00+00:00,13,4056.58
2000000164_00001,12,2018-02-14 13:59:00+00:00,2018-05-24 11:36:00+00:00,12,2373.62
2000000165_00001,12,2018-02-15 11:53:00+00:00,2018-03-29 13:08:00+00:00,12,1009.25
2000000166_00001,12,2018-02-15 11:53:00+00:00,2018-03-29 13:08:00+00:00,12,1009.25
2000000167_00001,12,2018-02-15 12:10:00+00:00,2018-04-05 13:48:00+00:00,12,1177.63
2000000167_00002,12,2018-02-15 12:10:00+00:00,2018-04-05 13:48:00+00:00,12,1177.63
2000000167_00003,12,2018-02-15 12:10:00+00:00,2018-04-05 13:48:00+00:00,12,1177.63
2000000168_00001,12,2018-02-16 10:53:00+00:00,2018-04-26 09:11:00+00:00,12,1654.3
2000000168_00002,12,2018-02-16 10:53:00+00:00,2018-04-26 09:11:00+00:00,12,1654.3
2000000169_00001,12,2018-02-16 10:53:00+00:00,2018-04-05 13:49:00+00:00,12,1154.93
2000000169_00002,12,2018-02-16 10:53:00+00:00,2018-04-05 13:49:00+00:00,12,1154.93
2000000169_00003,12,2018-02-16 10:53:00+00:00,2018-04-05 13:49:00+00:00,12,1154.93
2000000170_00001,13,2018-02-16 10:53:00+00:00,2018-09-06 12:06:00+00:00,13,4849.22
2000000171_00001,14,2018-02-16 11:17:00+00:00,2019-01-17 11:01:00+00:00,13,8039.73
2000000172_00001,16,2018-02-16 12:34:00+00:00,2018-08-03 09:13:00+00:00,14,4028.65
2000000172_00002,16,2018-02-16 12:34:00+00:00,2018-08-03 09:13:00+00:00,14,4028.65
2000000173_00001,12,2018-02-16 12:34:00+00:00,2018-04-05 13:49:00+00:00,12,1153.25
2000000173_00002,12,2018-02-16 12:34:00+00:00,2018-04-05 13:49:00+00:00,12,1153.25
2000000173_00003,12,2018-02-16 12:34:00+00:00,2018-04-05 13:49:00+00:00,12,1153.25
2000000173_00004,12,2018-02-16 12:34:00+00:00,2018-04-05 13:49:00+00:00,12,1153.25
2000000174_00001,16,2018-02-16 12:34:00+00:00,2018-04-10 09:38:00+00:00,10,1269.07
2000000174_00002,16,2018-02-16 12:34:00+00:00,2018-04-10 09:38:00+00:00,10,1269.07
2000000174_00003,20,2018-02-16 12:34:00+00:00,2018-04-26 09:11:00+00:00,14,1652.62
2000000174_00004,20,2018-02-16 12:34:00+00:00,2018-04-26 09:11:00+00:00,14,1652.62
2000000174_00005,20,2018-02-16 12:34:00+00:00,2018-04-26 09:11:00+00:00,14,1652.62
2000000174_00006,20,2018-02-16 12:34:00+00:00,2018-04-26 09:11:00+00:00,14,1652.62
2000000175_00001,12,2018-02-16 12:34:00+00:00,2018-04-26 09:11:00+00:00,12,1652.62
2000000175_00002,12,2018-02-16 12:34:00+00:00,2018-04-26 09:11:00+00:00,12,1652.62
2000000176_00001,13,2018-02-16 15:25:00+00:00,2018-03-08 12:23:00+00:00,13,476.97
2000000177_00001,14,2018-02-19 06:51:00+00:00,2018-05-17 12:50:00+00:00,14,2093.98
2000000177_00002,15,2018-02-19 06:51:00+00:00,2018-05-17 12:50:00+00:00,15,2093.98
2000000178_00001,17,2018-02-19 11:28:00+00:00,2018-06-25 10:24:00+00:00,12,3022.93
2000000178_00002,15,2018-02-19 11:28:00+00:00,2018-06-25 10:24:00+00:00,12,3022.93
2000000178_00003,22,2018-02-19 11:28:00+00:00,2018-07-05 12:10:00+00:00,14,3264.7
2000000179_00001,12,2018-02-19 11:28:00+00:00,2018-04-05 13:48:00+00:00,12,1082.33
2000000180_00001,12,2018-02-19 11:29:00+00:00,2018-04-26 09:11:00+00:00,12,1581.7
2000000180_00002,12,2018-02-19 11:29:00+00:00,2018-04-26 09:11:00+00:00,12,1581.7
2000000180_00003,12,2018-02-19 11:29:00+00:00,2018-04-26 09:11:00+00:00,12,1581.7
2000000181_00001,12,2018-02-19 11:28:00+00:00,2018-04-26 09:12:00+00:00,12,1581.73
2000000182_00001,13,2018-02-19 16:51:00+00:00,2018-05-09 12:12:00+00:00,13,1891.35
2000000183_00001,9,2018-02-20 09:06:00+00:00,2018-03-14 10:18:00+00:00,9,529.2
2000000184_00001,15,2018-02-20 09:22:00+00:00,2018-11-29 15:14:00+00:00,14,6773.87
2000000185_00001,16,2018-02-20 12:56:00+00:00,2018-04-26 09:11:00+00:00,14,1556.25
2000000186_00001,57,2018-02-21 08:18:00+00:00,2018-11-29 15:16:00+00:00,14,6750.97
2000000187_00001,15,2018-02-21 09:35:00+00:00,2018-07-19 11:16:00+00:00,15,3553.68
2000000188_00001,15,2018-02-21 12:33:00+00:00,2019-01-17 11:01:00+00:00,14,7918.47
2000000189_00001,12,2018-02-21 15:17:00+00:00,2018-04-26 09:12:00+00:00,12,1529.92
2000000190_00001,12,2018-02-21 15:17:00+00:00,2018-04-26 09:12:00+00:00,12,1529.92
2000000191_00001,15,2018-02-21 16:18:00+00:00,2019-01-17 11:02:00+00:00,14,7914.73
2000000192_00001,11,2018-02-22 07:50:00+00:00,2018-09-06 00:23:00+00:00,11,4696.55
2000000193_00001,23,2018-02-23 08:30:00+00:00,2019-01-17 11:02:00+00:00,15,7874.53
2000000194_00001,12,2018-02-23 11:07:00+00:00,2018-04-26 09:11:00+00:00,12,1486.07
2000000195_00001,12,2018-02-23 11:10:00+00:00,2018-04-19 12:47:00+00:00,12,1321.62
2000000196_00001,12,2018-02-23 12:35:00+00:00,2018-04-05 13:51:00+00:00,12,985.27
2000000197_00001,12,2018-02-23 16:28:00+00:00,2018-04-05 13:48:00+00:00,12,981.33
2000000197_00002,12,2018-02-23 16:28:00+00:00,2018-04-05 13:48:00+00:00,12,981.33
2000000198_00001,24,2018-02-26 09:50:00+00:00,2019-01-10 14:42:00+00:00,15,7636.87
2000000199_00001,18,2018-02-26 13:19:00+00:00,2018-11-12 08:27:00+00:00,16,6211.13
2000000200_00001,15,2018-02-26 16:43:00+00:00,2019-01-17 11:02:00+00:00,14,7794.32
2000000201_00001,12,2018-02-27 06:48:00+00:00,2018-04-05 13:49:00+00:00,12,895.02
2000000202_00001,12,2018-02-27 07:28:00+00:00,2018-04-05 13:49:00+00:00,12,894.35
2000000202_00002,12,2018-02-27 07:28:00+00:00,2018-04-05 13:49:00+00:00,12,894.35
2000000202_00003,12,2018-02-27 07:28:00+00:00,2018-04-05 13:49:00+00:00,12,894.35
2000000202_00004,12,2018-02-27 07:28:00+00:00,2018-04-05 13:49:00+00:00,12,894.35
2000000203_00001,12,2018-02-27 07:29:00+00:00,2018-04-26 09:11:00+00:00,12,1393.7
2000000204_00001,14,2017-12-05 22:59:00+00:00,2019-01-17 11:02:00+00:00,13,9780.05
2000000205_00001,12,2018-02-27 08:49:00+00:00,2018-04-05 13:48:00+00:00,12,892.98
2000000206_00001,55,2018-02-01 22:59:00+00:00,2019-01-17 13:40:00+00:00,13,8390.68
2000000207_00001,12,2018-02-27 15:04:00+00:00,2018-05-24 11:32:00+00:00,12,2060.47
2000000208_00001,12,2018-02-27 14:29:00+00:00,2018-06-28 12:02:00+00:00,12,2901.55
2000000209_00001,12,2018-02-27 15:04:00+00:00,2018-04-26 09:11:00+00:00,12,1386.12
2000000210_00001,12,2018-02-28 08:54:00+00:00,2018-03-29 13:08:00+00:00,12,700.23
2000000211_00001,12,2018-02-28 13:49:00+00:00,2018-04-05 13:49:00+00:00,12,864.0
2000000211_00002,12,2018-02-28 13:49:00+00:00,2018-04-05 13:49:00+00:00,12,864.0
2000000211_00003,12,2018-02-28 13:49:00+00:00,2018-04-05 13:49:00+00:00,12,864.0
2000000211_00004,12,2018-02-28 13:49:00+00:00,2018-04-05 13:49:00+00:00,12,864.0
2000000211_00005,12,2018-02-28 13:49:00+00:00,2018-04-05 13:49:00+00:00,12,864.0
2000000211_00006,12,2018-02-28 13:49:00+00:00,2018-04-05 13:49:00+00:00,12,864.0
2000000211_00007,12,2018-02-28 13:49:00+00:00,2018-04-05 13:49:00+00:00,12,864.0
2000000211_00008,12,2018-02-28 13:49:00+00:00,2018-04-05 13:49:00+00:00,12,864.0
2000000212_00001,13,2018-02-28 14:55:00+00:00,2018-03-22 12:32:00+00:00,13,525.62
2000000213_00001,18,2018-02-28 14:54:00+00:00,2018-11-29 15:15:00+00:00,15,6576.35
2000000214_00001,13,2018-02-28 14:55:00+00:00,2018-04-26 09:16:00+00:00,13,1362.35
2000000215_00001,13,2018-03-01 09:30:00+00:00,2018-06-07 11:12:00+00:00,13,2353.7
2000000216_00001,13,2018-03-01 10:26:00+00:00,2018-05-09 12:12:00+00:00,13,1657.77
2000000217_00001,18,2018-03-01 11:08:00+00:00,2018-07-19 11:16:00+00:00,13,3360.13
2000000218_00001,15,2018-03-01 11:10:00+00:00,2019-01-17 11:02:00+00:00,14,7727.87
2000000219_00001,13,2018-03-01 12:47:00+00:00,2018-04-26 09:16:00+00:00,13,1340.48
2000000220_00001,25,2018-03-01 17:00:00+00:00,2018-07-05 12:13:00+00:00,14,3019.22
2000013410_00001,13,2018-03-02 08:33:00+00:00,2018-04-20 13:30:00+00:00,13,1180.95
2000013411_00001,12,2018-03-02 13:11:00+00:00,2018-05-24 11:36:00+00:00,12,1990.42
2000013412_00001,8,2018-03-02 13:54:00+00:00,2018-03-02 14:54:00+00:00,8,1.0
2000013413_00001,12,2018-03-02 14:34:00+00:00,2018-05-24 11:32:00+00:00,12,1988.97
2000013413_00002,12,2018-03-02 14:34:00+00:00,2018-05-24 11:32:00+00:00,12,1988.97
2000013413_00003,12,2018-03-02 14:34:00+00:00,2018-05-24 11:32:00+00:00,12,1988.97
2000013414_00001,12,2018-03-02 14:34:00+00:00,2018-05-24 11:33:00+00:00,12,1988.98
2000013415_00001,12,2018-03-02 14:34:00+00:00,2018-05-09 12:09:00+00:00,12,1629.58
2000013416_00001,13,2018-03-05 07:29:00+00:00,2018-04-26 09:15:00+00:00,13,1249.77
2000013416_00002,13,2018-03-05 07:29:00+00:00,2018-04-26 09:15:00+00:00,13,1249.77
2000013416_00003,11,2018-03-05 07:29:00+00:00,2018-12-03 01:28:00+00:00,11,6545.98
2000013417_00001,13,2018-03-05 10:10:00+00:00,2018-08-30 13:40:00+00:00,13,4275.5
2000013417_00002,10,2018-03-05 10:10:00+00:00,2018-08-17 07:10:00+00:00,10,3957.0
2000013418_00001,12,2018-03-05 11:10:00+00:00,2018-05-09 12:09:00+00:00,12,1560.98
2000013418_00002,12,2018-03-05 11:10:00+00:00,2018-05-09 12:09:00+00:00,12,1560.98
2000013419_00001,13,2018-03-06 02:45:00+00:00,2018-04-26 09:14:00+00:00,13,1230.48
2000013420_00001,12,2018-03-06 06:19:00+00:00,2018-06-14 13:02:00+00:00,12,2406.72
2000013421_00001,12,2018-03-06 12:30:00+00:00,2018-04-05 13:49:00+00:00,12,721.32
2000013422_00001,12,2018-03-06 14:15:00+00:00,2018-04-05 13:49:00+00:00,12,719.57
2000013422_00002,12,2018-03-06 14:15:00+00:00,2018-04-05 13:49:00+00:00,12,719.57
2000013423_00001,29,2018-03-06 14:52:00+00:00,2018-11-06 15:51:00+00:00,16,5880.98
2000013424_00001,13,2018-03-07 08:31:00+00:00,2018-05-09 12:11:00+00:00,13,1515.67
2000013425_00001,12,2018-03-07 13:01:00+00:00,2018-05-09 12:09:00+00:00,12,1511.13
2000013425_00002,12,2018-03-07 13:01:00+00:00,2018-05-09 12:09:00+00:00,12,1511.13
2000013425_00003,12,2018-03-07 13:01:00+00:00,2018-05-09 12:09:00+00:00,12,1511.13
2000013426_00001,12,2018-03-07 13:16:00+00:00,2018-06-14 13:00:00+00:00,12,2375.73
2000013426_00002,12,2018-03-07 13:16:00+00:00,2018-06-14 13:02:00+00:00,12,2375.77
2000013427_00001,12,2018-03-07 13:15:00+00:00,2018-05-09 12:09:00+00:00,12,1510.9
2000013427_00002,12,2018-03-07 13:15:00+00:00,2018-05-09 12:09:00+00:00,12,1510.9
2000013428_00001,12,2018-03-09 08:55:00+00:00,2018-05-09 12:11:00+00:00,12,1467.27
2000013429_00001,12,2018-03-09 09:33:00+00:00,2018-05-09 12:09:00+00:00,12,1466.6
2000013430_00001,14,2018-03-08 23:00:00+00:00,2018-07-06 12:10:00+00:00,13,2869.17
2000013431_00001,15,2018-03-11 09:57:00+00:00,2019-01-17 11:02:00+00:00,14,7489.08
2000013432_00001,23,2018-03-12 08:23:00+00:00,2018-07-06 12:10:00+00:00,13,2787.78
2000013433_00001,22,2018-03-12 09:57:00+00:00,2018-07-05 12:12:00+00:00,16,2762.25
2000013434_00001,14,2018-03-12 12:33:00+00:00,2018-05-09 12:11:00+00:00,14,1391.63
2000013435_00001,12,2018-03-12 14:57:00+00:00,2018-05-24 11:32:00+00:00,12,1748.58
2000013435_00002,12,2018-03-12 14:57:00+00:00,2018-05-24 11:32:00+00:00,12,1748.58
2000013436_00001,14,2018-03-12 15:22:00+00:00,2018-07-06 12:10:00+00:00,13,2780.8
2000013437_00001,13,2018-03-13 07:46:00+00:00,2018-05-24 11:32:00+00:00,13,1731.77
2000013438_00001,12,2018-03-13 09:15:00+00:00,2018-04-12 12:07:00+00:00,12,722.87
2000013439_00001,15,2018-03-13 12:17:00+00:00,2018-10-29 07:44:00+00:00,15,5515.45
2000013440_00001,29,2018-03-13 12:28:00+00:00,2018-08-30 13:39:00+00:00,16,4081.18
2000013441_00001,11,2018-03-13 13:00:00+00:00,2018-04-05 13:49:00+00:00,11,552.82
2000013442_00001,12,2018-03-13 15:24:00+00:00,2018-05-09 12:10:00+00:00,12,1364.77
2000013443_00001,12,2018-03-14 09:51:00+00:00,2018-05-09 12:09:00+00:00,12,1346.3
2000013443_00002,12,2018-03-14 09:51:00+00:00,2018-05-09 12:09:00+00:00,12,1346.3
2000013443_00003,12,2018-03-14 09:51:00+00:00,2018-05-09 12:09:00+00:00,12,1346.3
2000013444_00001,12,2018-03-15 07:19:00+00:00,2018-06-28 12:02:00+00:00,12,2524.72
2000013445_00001,15,2018-03-15 06:46:00+00:00,2019-01-17 11:03:00+00:00,14,7396.28
2000013446_00001,19,2018-03-15 06:59:00+00:00,2019-01-17 11:03:00+00:00,14,7396.07
2000013447_00001,12,2018-03-15 08:51:00+00:00,2018-05-24 11:36:00+00:00,12,1682.75
2000013448_00001,60,2018-03-15 08:51:00+00:00,2019-01-18 06:53:00+00:00,16,7414.03
2000013449_00001,12,2018-03-16 06:18:00+00:00,2018-05-24 11:36:00+00:00,12,1661.3
2000013450_00001,13,2018-03-16 06:55:00+00:00,2018-05-09 12:09:00+00:00,13,1301.23
2000013451_00001,14,2018-03-16 08:53:00+00:00,2018-08-02 14:07:00+00:00,13,3341.23
2000013452_00001,22,2018-03-16 14:27:00+00:00,2018-09-28 08:28:00+00:00,15,4698.02
2000013453_00001,12,2018-03-18 06:33:00+00:00,2018-05-24 11:36:00+00:00,12,1613.05
2000013454_00001,70,2018-03-18 18:41:00+00:00,2019-01-17 11:03:00+00:00,18,7312.37
2000013455_00001,58,2018-03-18 18:41:00+00:00,2019-01-17 11:03:00+00:00,16,7312.37
2000013456_00001,13,2018-03-19 06:29:00+00:00,2018-05-09 12:09:00+00:00,13,1229.67
2000013456_00002,13,2018-03-19 06:29:00+00:00,2018-05-09 12:09:00+00:00,13,1229.67
2000013456_00003,13,2018-03-19 06:29:00+00:00,2018-05-09 12:09:00+00:00,13,1229.67
2000013457_00001,36,2018-03-19 06:57:00+00:00,2018-11-27 07:49:00+00:00,16,6072.87
2000013458_00001,26,2018-03-19 09:13:00+00:00,2018-08-17 10:12:00+00:00,18,3624.98
2000013459_00001,15,2018-03-19 10:31:00+00:00,2019-01-17 11:03:00+00:00,14,7296.53
2000013460_00001,35,2018-03-19 10:31:00+00:00,2019-01-17 11:03:00+00:00,16,7296.53
2000013461_00001,12,2018-03-19 11:17:00+00:00,2018-05-24 11:32:00+00:00,12,1584.25
2000013462_00001,26,2018-03-19 11:17:00+00:00,2018-04-19 12:47:00+00:00,16,745.5
2000013463_00001,12,2018-03-19 11:51:00+00:00,2018-05-24 11:32:00+00:00,12,1583.68
2000013464_00001,13,2017-06-21 21:59:00+00:00,2018-03-22 12:30:00+00:00,13,6566.52
2000013465_00001,41,2018-01-29 22:59:00+00:00,2018-07-06 12:10:00+00:00,13,3781.18
2000013466_00001,15,2018-03-20 06:52:00+00:00,2019-01-17 11:03:00+00:00,14,7276.18
2000013467_00001,17,2018-03-20 09:17:00+00:00,2018-11-29 10:15:00+00:00,15,6096.97
2000013468_00001,17,2018-03-20 09:00:00+00:00,2018-10-04 11:23:00+00:00,15,4754.38
2000013468_00002,13,2018-03-20 09:00:00+00:00,2018-09-28 11:58:00+00:00,13,4610.97
2000013469_00001,16,2018-03-20 13:29:00+00:00,2018-05-04 11:16:00+00:00,10,1077.78
2000013470_00001,8,2018-03-20 13:29:00+00:00,2018-03-20 14:29:00+00:00,8,1.0
2000013471_00001,8,2018-03-20 13:32:00+00:00,2018-03-20 14:32:00+00:00,8,1.0
2000013472_00001,15,2018-03-20 14:46:00+00:00,2019-01-17 11:03:00+00:00,14,7268.28
2000013473_00001,21,2018-03-20 15:00:00+00:00,2018-04-26 09:16:00+00:00,15,882.27
2000013474_00001,19,2018-03-21 07:51:00+00:00,2018-03-23 08:55:00+00:00,12,49.07
2000013475_00001,12,2018-03-21 09:01:00+00:00,2018-06-14 13:00:00+00:00,12,2043.98
2000013475_00002,12,2018-03-21 09:01:00+00:00,2018-06-14 13:02:00+00:00,12,2044.02
2000013475_00003,12,2018-03-21 09:01:00+00:00,2018-06-14 13:00:00+00:00,12,2043.98
2000013475_00004,12,2018-03-21 09:01:00+00:00,2018-06-14 13:00:00+00:00,12,2043.98
2000013476_00001,13,2018-03-21 09:57:00+00:00,2018-04-26 09:16:00+00:00,13,863.32
2000013477_00001,12,2018-03-21 12:37:00+00:00,2018-05-09 12:09:00+00:00,12,1175.53
2000013478_00001,12,2018-03-21 12:37:00+00:00,2018-05-09 12:11:00+00:00,12,1175.57
2000013479_00001,21,2018-03-21 13:55:00+00:00,2018-05-31 10:33:00+00:00,15,1700.63
2000013480_00001,14,2018-03-21 13:53:00+00:00,2019-01-17 11:03:00+00:00,13,7245.17
2000013481_00001,13,2018-03-21 15:01:00+00:00,2018-04-19 12:47:00+00:00,13,693.77
2000013482_00001,14,2018-03-22 08:58:00+00:00,2019-01-17 11:03:00+00:00,13,7226.08
2000013483_00001,12,2018-03-22 09:56:00+00:00,2018-05-09 12:12:00+00:00,12,1154.27
2000013483_00002,12,2018-03-22 09:56:00+00:00,2018-05-09 12:12:00+00:00,12,1154.27
2000013483_00003,12,2018-03-22 09:56:00+00:00,2018-05-09 12:12:00+00:00,12,1154.27
2000013484_00001,12,2018-03-22 11:02:00+00:00,2018-06-07 11:11:00+00:00,12,1848.15
2000013485_00001,12,2018-03-22 11:40:00+00:00,2018-06-07 11:11:00+00:00,12,1847.52
2000013485_00002,12,2018-03-22 11:40:00+00:00,2018-06-07 11:11:00+00:00,12,1847.52
2000013485_00003,12,2018-03-22 11:40:00+00:00,2018-06-07 11:11:00+00:00,12,1847.52
2000013485_00004,12,2018-03-22 11:40:00+00:00,2018-06-07 11:11:00+00:00,12,1847.52
2000013486_00001,12,2018-03-22 12:00:00+00:00,2018-06-14 13:02:00+00:00,12,2017.03
2000013487_00001,12,2018-03-22 13:44:00+00:00,2018-06-07 11:11:00+00:00,12,1845.45
2000013488_00001,13,2018-03-22 14:39:00+00:00,2018-05-09 12:09:00+00:00,13,1149.5
2000013488_00002,13,2018-03-22 14:39:00+00:00,2018-05-09 12:09:00+00:00,13,1149.5
2000013488_00003,13,2018-03-22 14:39:00+00:00,2018-05-09 12:09:00+00:00,13,1149.5
2000013488_00004,13,2018-03-22 14:39:00+00:00,2018-05-09 12:09:00+00:00,13,1149.5
2000013488_00005,13,2018-03-22 14:39:00+00:00,2018-05-09 12:09:00+00:00,13,1149.5
2000013489_00001,23,2018-03-23 08:21:00+00:00,2018-10-04 14:49:00+00:00,13,4686.47
2000013490_00001,20,2018-03-23 08:19:00+00:00,2018-05-31 10:32:00+00:00,14,1658.22
2000013491_00001,12,2018-03-23 08:30:00+00:00,2018-05-24 11:32:00+00:00,12,1491.03
2000013491_00002,12,2018-03-23 08:30:00+00:00,2018-05-24 11:32:00+00:00,12,1491.03
2000013492_00001,13,2018-03-23 08:49:00+00:00,2018-05-09 12:12:00+00:00,13,1131.38
2000013493_00001,15,2018-03-23 10:21:00+00:00,2019-01-17 11:03:00+00:00,14,7200.7
2000013494_00001,21,2018-03-23 14:17:00+00:00,2018-06-07 11:12:00+00:00,15,1820.92
2000013495_00001,23,2018-03-28 08:54:00+00:00,2018-07-26 16:09:00+00:00,17,2887.25
2000013496_00001,15,2018-03-28 08:55:00+00:00,2019-01-17 11:03:00+00:00,14,7082.13
2000013497_00001,13,2018-03-29 07:01:00+00:00,2018-06-14 13:01:00+00:00,13,1854.0
2000013497_00002,13,2018-03-29 07:01:00+00:00,2018-06-14 13:01:00+00:00,13,1854.0
2000013497_00003,13,2018-03-29 07:01:00+00:00,2018-06-14 13:01:00+00:00,13,1854.0
2000013497_00004,13,2018-03-29 07:01:00+00:00,2018-06-14 13:01:00+00:00,13,1854.0
2000013497_00005,15,2018-03-29 07:01:00+00:00,2018-12-03 01:28:00+00:00,14,5970.45
2000013498_00001,12,2018-03-29 08:26:00+00:00,2018-06-14 13:00:00+00:00,12,1852.57
2000013498_00002,12,2018-03-29 08:26:00+00:00,2018-07-26 16:06:00+00:00,12,2863.67
2000013499_00001,12,2018-03-29 08:27:00+00:00,2018-05-24 11:33:00+00:00,12,1347.1
2000013499_00002,12,2018-03-29 08:27:00+00:00,2018-05-24 11:33:00+00:00,12,1347.1
2000013500_00001,12,2018-03-29 08:59:00+00:00,2018-07-26 16:06:00+00:00,12,2863.12
2000013501_00001,12,2018-03-29 09:12:00+00:00,2018-05-09 12:12:00+00:00,12,987.0
2000013501_00002,12,2018-03-29 09:12:00+00:00,2018-06-07 11:13:00+00:00,12,1682.02
2000013502_00001,16,2018-03-29 10:02:00+00:00,2018-11-01 14:04:00+00:00,14,5212.03
2000013503_00001,15,2018-03-29 10:54:00+00:00,2019-01-17 11:03:00+00:00,14,7056.15
2000013504_00001,21,2018-03-01 22:59:00+00:00,2018-04-19 12:47:00+00:00,15,1165.8
2000013505_00001,12,2018-03-29 12:28:00+00:00,2018-06-28 12:02:00+00:00,12,2183.57
2000013506_00001,12,2018-03-29 16:17:00+00:00,2018-06-28 12:02:00+00:00,12,2179.75
2000013506_00002,12,2018-03-29 16:17:00+00:00,2018-06-28 12:02:00+00:00,12,2179.75
2000013507_00001,14,2018-03-30 04:54:00+00:00,2018-10-25 16:02:00+00:00,14,5027.13
2000013508_00001,13,2018-03-30 07:49:00+00:00,2018-08-17 07:43:00+00:00,13,3359.9
2000013509_00001,12,2018-03-30 10:13:00+00:00,2018-06-14 13:00:00+00:00,12,1826.78
2000013510_00001,15,2018-03-01 22:59:00+00:00,2019-01-17 11:03:00+00:00,14,7716.07
2000013511_00001,15,2018-03-31 05:03:00+00:00,2018-10-25 07:40:00+00:00,15,4994.62
2000013512_00001,12,2018-03-31 07:09:00+00:00,2018-06-28 12:02:00+00:00,12,2140.88
2000013512_00002,12,2018-03-31 07:09:00+00:00,2018-06-28 12:02:00+00:00,12,2140.88
2000013512_00003,12,2018-03-31 07:09:00+00:00,2018-06-28 12:02:00+00:00,12,2140.88
2000013512_00004,12,2018-03-31 07:09:00+00:00,2018-06-28 12:02:00+00:00,12,2140.88
2000013513_00001,12,2018-03-31 07:09:00+00:00,2018-06-07 11:11:00+00:00,12,1636.03
2000013514_00001,22,2018-04-03 04:49:00+00:00,2019-01-09 04:48:00+00:00,13,6743.98
2000013515_00001,12,2018-03-29 21:59:00+00:00,2018-05-09 12:11:00+00:00,12,974.2
2000013516_00001,12,2018-04-03 09:35:00+00:00,2018-05-24 11:34:00+00:00,12,1225.98
2000013517_00001,12,2018-04-04 07:00:00+00:00,2018-06-07 11:11:00+00:00,12,1540.18
2000013518_00001,12,2018-04-04 08:33:00+00:00,2018-06-07 11:12:00+00:00,12,1538.65
2000013519_00001,12,2018-04-04 09:31:00+00:00,2018-06-07 11:10:00+00:00,12,1537.65
2000013520_00001,12,2018-04-05 03:52:00+00:00,2018-06-07 11:10:00+00:00,12,1519.3
2000013521_00001,39,2017-12-29 22:59:00+00:00,2019-01-17 11:03:00+00:00,17,9204.07
2000013522_00001,16,2018-04-05 13:09:00+00:00,2018-10-22 04:00:00+00:00,10,4790.85
2000013523_00001,57,2018-04-06 05:29:00+00:00,2019-01-04 22:59:00+00:00,17,6569.5
2000013524_00001,20,2018-04-06 06:54:00+00:00,2018-06-07 11:12:00+00:00,14,1492.3
2000013525_00001,12,2018-04-06 11:10:00+00:00,2018-06-28 12:02:00+00:00,12,1992.87
2000013526_00001,12,2018-04-06 11:19:00+00:00,2018-06-07 11:13:00+00:00,12,1487.9
2000013527_00001,19,2018-04-06 11:58:00+00:00,2018-09-06 12:08:00+00:00,15,3672.17
2000013528_00001,12,2018-04-06 11:56:00+00:00,2018-10-18 13:32:00+00:00,12,4681.6
2000013529_00001,31,2018-04-09 09:20:00+00:00,2018-10-04 14:50:00+00:00,15,4277.5
2000013530_00001,18,2018-04-09 12:43:00+00:00,2018-08-09 12:30:00+00:00,13,2927.78
2000013531_00001,13,2017-12-15 22:59:00+00:00,2018-06-15 09:25:00+00:00,13,4354.43
2000013532_00001,30,2018-04-09 12:53:00+00:00,2018-07-06 12:10:00+00:00,15,2111.28
2000013533_00001,12,2018-04-10 06:19:00+00:00,2018-06-28 12:03:00+00:00,12,1901.73
2000013533_00002,12,2018-04-10 06:19:00+00:00,2018-06-28 12:03:00+00:00,12,1901.73
2000013534_00001,12,2018-04-10 06:19:00+00:00,2018-06-28 12:02:00+00:00,12,1901.72
2000013534_00002,12,2018-04-10 06:19:00+00:00,2018-06-28 12:02:00+00:00,12,1901.72
2000013535_00001,12,2018-04-10 06:19:00+00:00,2018-07-19 11:17:00+00:00,12,2404.97
2000013535_00002,12,2018-04-10 06:19:00+00:00,2018-07-19 11:17:00+00:00,12,2404.97
2000013536_00001,14,2018-04-10 19:49:00+00:00,2019-01-17 11:04:00+00:00,13,6759.25
2000013537_00001,13,2018-04-11 05:28:00+00:00,2018-06-07 11:13:00+00:00,13,1373.75
2000013538_00001,15,2018-04-11 06:42:00+00:00,2019-01-17 11:04:00+00:00,14,6748.37
2000013539_00001,12,2018-04-11 07:30:00+00:00,2018-06-28 12:02:00+00:00,12,1876.53
2000013540_00001,15,2018-04-11 08:58:00+00:00,2019-01-17 11:04:00+00:00,14,6746.1
2000013541_00001,13,2018-04-11 09:31:00+00:00,2018-05-09 12:12:00+00:00,13,674.68
2000013542_00001,22,2018-04-11 10:12:00+00:00,2018-06-14 13:01:00+00:00,16,1538.82
2000013543_00001,12,2018-04-11 11:37:00+00:00,2018-06-07 11:11:00+00:00,12,1367.57
2000013543_00002,12,2018-04-11 11:37:00+00:00,2018-06-07 11:11:00+00:00,12,1367.57
2000013543_00003,12,2018-04-11 11:37:00+00:00,2018-06-07 11:11:00+00:00,12,1367.57
2000013543_00004,12,2018-04-11 11:37:00+00:00,2018-06-07 11:11:00+00:00,12,1367.57
2000013543_00005,12,2018-04-11 11:37:00+00:00,2018-06-07 11:11:00+00:00,12,1367.57
2000013543_00006,12,2018-04-11 11:37:00+00:00,2018-06-07 11:11:00+00:00,12,1367.57
2000013543_00007,12,2018-04-11 11:37:00+00:00,2018-06-07 11:11:00+00:00,12,1367.57
2000013543_00008,12,2018-04-11 11:37:00+00:00,2018-06-07 11:11:00+00:00,12,1367.57
2000013544_00001,12,2018-04-12 05:32:00+00:00,2018-06-28 12:02:00+00:00,12,1854.5
2000013545_00001,8,2018-04-12 09:48:00+00:00,2018-04-12 11:48:00+00:00,8,2.0
2000013546_00001,8,2018-04-12 12:16:00+00:00,2018-04-12 14:16:00+00:00,8,2.0
2000013547_00001,39,2018-01-31 22:59:00+00:00,2018-09-06 12:08:00+00:00,15,5221.15
2000013548_00001,13,2018-04-12 12:35:00+00:00,2018-05-09 12:10:00+00:00,13,647.58
2000013549_00001,21,2018-04-12 13:43:00+00:00,2018-06-21 10:42:00+00:00,15,1676.98
2000013550_00001,12,2018-04-13 04:53:00+00:00,2018-06-07 11:11:00+00:00,12,1326.3
2000013550_00002,12,2018-04-13 04:53:00+00:00,2018-06-07 11:11:00+00:00,12,1326.3
2000013550_00003,12,2018-04-13 04:53:00+00:00,2018-06-07 11:11:00+00:00,12,1326.3
2000013550_00004,12,2018-04-13 04:53:00+00:00,2018-06-07 11:11:00+00:00,12,1326.3
2000013551_00001,12,2018-04-13 06:43:00+00:00,2018-06-07 11:11:00+00:00,12,1324.47
2000013552_00001,49,2018-02-28 22:59:00+00:00,2019-01-17 11:04:00+00:00,18,7740.08
2000013553_00001,24,2018-04-13 09:47:00+00:00,2018-11-22 13:53:00+00:00,17,5356.1
2000013554_00001,23,2018-04-13 09:47:00+00:00,2019-01-17 11:04:00+00:00,16,6697.28
2000013555_00001,18,2001-04-27 21:59:00+00:00,2018-08-20 09:28:00+00:00,15,151763.48
2000013556_00001,12,2018-04-16 09:31:00+00:00,2018-08-23 11:40:00+00:00,12,3098.15
2000013557_00001,12,2018-04-16 09:25:00+00:00,2018-07-19 11:17:00+00:00,12,2257.87
2000013558_00001,12,2018-03-22 22:59:00+00:00,2018-07-26 16:07:00+00:00,12,3017.13
2000013558_00002,12,2018-03-22 22:59:00+00:00,2018-07-26 16:07:00+00:00,12,3017.13
2000013558_00003,12,2018-03-22 22:59:00+00:00,2018-07-26 16:07:00+00:00,12,3017.13
2000013559_00001,13,2018-04-16 12:52:00+00:00,2018-06-07 11:13:00+00:00,13,1246.35
2000013560_00001,15,2018-04-16 13:29:00+00:00,2019-01-17 11:04:00+00:00,14,6621.58
2000013561_00001,15,2018-04-17 13:10:00+00:00,2019-01-17 11:04:00+00:00,14,6597.9
2000013562_00001,20,2018-04-18 05:02:00+00:00,2018-09-28 08:29:00+00:00,14,3915.45
2000013563_00001,13,2018-04-18 07:34:00+00:00,2018-05-24 11:35:00+00:00,13,868.02
2000013564_00001,12,2018-04-19 03:35:00+00:00,2018-06-07 11:11:00+00:00,12,1183.6
2000013565_00001,12,2018-04-18 21:59:00+00:00,2018-06-07 11:12:00+00:00,12,1189.22
2000013566_00001,12,2018-04-18 21:59:00+00:00,2018-06-07 11:12:00+00:00,12,1189.22
2000013567_00001,9,2018-04-19 11:25:00+00:00,2018-05-01 12:41:00+00:00,9,289.27
2000013568_00001,62,2018-04-19 12:11:00+00:00,2018-12-18 12:49:00+00:00,17,5832.63
2000013569_00001,54,2018-03-26 21:59:00+00:00,2019-01-04 22:59:00+00:00,13,6817.0
2000013570_00001,16,2018-03-05 22:59:00+00:00,2018-10-24 07:54:00+00:00,14,5576.92
2000013571_00001,10,2018-04-20 08:53:00+00:00,2018-12-03 01:28:00+00:00,10,5440.58
2000013572_00001,14,2018-04-23 05:12:00+00:00,2019-01-17 11:04:00+00:00,13,6461.87
2000013573_00001,14,2018-04-23 05:12:00+00:00,2019-01-17 11:04:00+00:00,13,6461.87
2000013574_00001,14,2018-04-23 05:47:00+00:00,2019-01-17 11:04:00+00:00,13,6461.28
2000013575_00001,12,2018-04-24 03:53:00+00:00,2018-06-07 11:10:00+00:00,12,1063.28
2000013575_00002,12,2018-04-24 03:53:00+00:00,2018-06-07 11:10:00+00:00,12,1063.28
2000013576_00001,12,2018-04-24 06:11:00+00:00,2018-07-19 11:17:00+00:00,12,2069.1
2000013576_00002,12,2018-04-24 06:11:00+00:00,2018-07-19 11:17:00+00:00,12,2069.1
2000013576_00003,12,2018-04-24 06:11:00+00:00,2018-07-19 11:17:00+00:00,12,2069.1
2000013577_00001,13,2018-04-24 08:31:00+00:00,2018-05-17 12:50:00+00:00,13,556.32
2000013578_00001,12,2018-04-24 08:31:00+00:00,2018-05-24 11:34:00+00:00,12,723.05
2000013578_00002,12,2018-04-24 08:31:00+00:00,2018-05-24 11:34:00+00:00,12,723.05
2000013579_00001,15,2018-04-18 21:59:00+00:00,2018-10-25 15:54:00+00:00,15,4553.92
2000013580_00001,13,2018-04-24 11:54:00+00:00,2018-12-13 13:09:00+00:00,13,5593.25
2000013581_00001,12,2018-04-24 12:05:00+00:00,2018-08-30 13:40:00+00:00,12,3073.58
2000013582_00001,12,2018-04-24 12:13:00+00:00,2018-07-26 16:09:00+00:00,12,2235.93
2000013583_00001,33,2018-04-24 12:07:00+00:00,2018-09-28 08:29:00+00:00,15,3764.37
2000013584_00001,12,2018-04-24 12:07:00+00:00,2018-08-30 13:36:00+00:00,12,3073.48
2000013585_00001,21,2018-04-24 12:32:00+00:00,2018-11-22 13:54:00+00:00,15,5089.37
2000013586_00001,13,2018-04-24 13:49:00+00:00,2018-06-14 13:01:00+00:00,13,1223.2
2000013587_00001,12,2018-04-24 13:51:00+00:00,2018-05-24 11:34:00+00:00,12,717.72
2000013588_00001,44,2018-04-25 06:54:00+00:00,2018-10-29 07:36:00+00:00,18,4488.7
2000013589_00001,21,2018-04-25 06:54:00+00:00,2018-07-26 16:08:00+00:00,15,2217.23
2000013590_00001,12,2018-04-25 06:50:00+00:00,2018-06-07 11:12:00+00:00,12,1036.37
2000013590_00002,12,2018-04-25 06:50:00+00:00,2018-06-07 11:12:00+00:00,12,1036.37
2000013591_00001,14,2018-04-25 09:06:00+00:00,2018-07-06 12:10:00+00:00,13,1731.07
2000013592_00001,12,2018-04-25 11:54:00+00:00,2018-06-07 11:10:00+00:00,12,1031.27
2000013593_00001,12,2018-04-25 11:54:00+00:00,2018-06-28 12:02:00+00:00,12,1536.13
2000013593_00002,12,2018-04-25 11:54:00+00:00,2018-07-26 16:06:00+00:00,12,2212.2
2000013593_00003,13,2018-04-25 11:54:00+00:00,2018-06-28 12:02:00+00:00,13,1536.13
2000013593_00004,12,2018-04-25 11:54:00+00:00,2018-06-28 12:02:00+00:00,12,1536.13
2000013594_00001,23,2018-04-25 15:30:00+00:00,2019-01-17 11:05:00+00:00,16,6403.58
2000013595_00001,15,2018-04-25 15:31:00+00:00,2019-01-17 11:05:00+00:00,14,6403.57
2000013596_00001,21,2018-04-26 05:51:00+00:00,2018-07-26 16:09:00+00:00,15,2194.3
2000013597_00001,12,2018-04-26 12:49:00+00:00,2018-06-28 12:03:00+00:00,12,1511.23
2000013598_00001,17,2018-04-26 13:09:00+00:00,2018-11-27 07:47:00+00:00,15,5154.63
2000013599_00001,12,2018-04-26 13:09:00+00:00,2018-06-21 10:42:00+00:00,12,1341.55
2000013600_00001,43,2018-03-20 22:59:00+00:00,2019-01-17 11:05:00+00:00,16,7260.1
2000013601_00001,34,2018-04-30 11:24:00+00:00,2019-01-08 12:35:00+00:00,15,6073.18
2000013602_00001,13,2018-04-30 13:35:00+00:00,2018-07-05 12:13:00+00:00,13,1582.63
2000013603_00001,13,2018-04-30 13:37:00+00:00,2018-06-28 12:04:00+00:00,12,1414.45
2000013603_00002,20,2018-04-30 13:37:00+00:00,2018-06-28 12:04:00+00:00,14,1414.45
2000013603_00003,13,2018-04-30 13:37:00+00:00,2018-06-28 12:04:00+00:00,12,1414.45
2000013604_00001,15,2018-05-01 05:00:00+00:00,2019-01-17 11:05:00+00:00,14,6270.08
2000013605_00001,15,2018-05-01 10:52:00+00:00,2019-01-17 11:05:00+00:00,14,6264.22
2000013606_00001,18,2018-05-01 13:26:00+00:00,2018-11-19 05:03:00+00:00,16,4839.62
2000013607_00001,13,2018-05-02 03:34:00+00:00,2018-07-05 12:11:00+00:00,13,1544.62
2000013608_00001,14,2018-05-03 04:20:00+00:00,2019-01-17 11:05:00+00:00,14,6222.75
2000013609_00001,12,2018-05-03 04:04:00+00:00,2018-07-05 12:11:00+00:00,12,1520.12
2000013609_00002,12,2018-05-03 04:04:00+00:00,2018-07-05 12:11:00+00:00,12,1520.12
2000013609_00003,12,2018-05-03 04:04:00+00:00,2018-07-05 12:11:00+00:00,12,1520.12
2000013609_00004,12,2018-05-03 04:04:00+00:00,2018-07-05 12:11:00+00:00,12,1520.12
2000013609_00005,12,2018-05-03 04:04:00+00:00,2018-07-05 12:11:00+00:00,12,1520.12
2000013609_00006,12,2018-05-03 04:04:00+00:00,2018-07-05 12:11:00+00:00,12,1520.12
2000013609_00007,12,2018-05-03 04:04:00+00:00,2018-07-05 12:11:00+00:00,12,1520.12
2000013610_00001,15,2018-05-03 11:52:00+00:00,2019-01-17 14:14:00+00:00,14,6218.37
2000013611_00001,13,2018-05-03 11:52:00+00:00,2018-07-26 16:09:00+00:00,13,2020.28
2000013612_00001,12,2018-05-03 12:14:00+00:00,2018-08-23 11:40:00+00:00,12,2687.43
2000013612_00002,12,2018-05-03 12:14:00+00:00,2018-08-23 11:40:00+00:00,12,2687.43
2000013612_00003,12,2018-05-03 12:14:00+00:00,2018-08-23 11:40:00+00:00,12,2687.43
2000013613_00001,17,2018-05-03 11:52:00+00:00,2018-10-25 09:07:00+00:00,15,4197.25
2000013614_00001,12,2018-05-03 12:15:00+00:00,2018-07-26 16:06:00+00:00,12,2019.85
2000013614_00002,12,2018-05-03 12:15:00+00:00,2018-07-26 16:06:00+00:00,12,2019.85
2000013614_00003,12,2018-05-03 12:15:00+00:00,2018-07-26 16:06:00+00:00,12,2019.85
2000013615_00001,30,2018-05-03 14:16:00+00:00,2018-11-29 15:17:00+00:00,15,5041.02
2000013616_00001,12,2018-05-04 05:48:00+00:00,2018-07-26 16:06:00+00:00,12,2002.3
2000013616_00002,12,2018-05-04 05:48:00+00:00,2018-07-26 16:06:00+00:00,12,2002.3
2000013616_00003,12,2018-05-04 05:48:00+00:00,2018-07-26 16:06:00+00:00,12,2002.3
2000013617_00001,12,2018-05-04 05:49:00+00:00,2018-07-05 12:11:00+00:00,12,1494.37
2000013617_00002,12,2018-05-04 05:49:00+00:00,2018-07-05 12:11:00+00:00,12,1494.37
2000013617_00003,12,2018-05-04 05:49:00+00:00,2018-07-05 12:11:00+00:00,12,1494.37
2000013617_00004,12,2018-05-04 05:49:00+00:00,2018-07-05 12:11:00+00:00,12,1494.37
2000013618_00001,12,2018-05-04 07:00:00+00:00,2018-08-02 14:06:00+00:00,12,2167.1
2000013619_00001,12,2018-05-04 08:40:00+00:00,2018-07-26 16:06:00+00:00,12,1999.43
2000013620_00001,13,2018-05-04 09:04:00+00:00,2018-07-05 12:13:00+00:00,13,1491.15
2000013621_00001,13,2018-05-04 09:23:00+00:00,2018-07-26 16:09:00+00:00,13,1998.77
2000013622_00001,40,2018-05-04 10:50:00+00:00,2018-12-26 09:44:00+00:00,14,5662.9
2000013623_00001,22,2018-05-04 10:51:00+00:00,2018-11-05 15:36:00+00:00,15,4444.75
2000013624_00001,12,2018-05-06 09:41:00+00:00,2018-08-30 13:36:00+00:00,12,2787.92
2000013625_00001,18,2018-05-04 21:59:00+00:00,2018-08-17 09:50:00+00:00,16,2507.85
2000013626_00001,20,2018-05-07 13:06:00+00:00,2018-11-23 13:18:00+00:00,16,4800.2
2000013627_00001,9,2018-05-09 09:49:00+00:00,2018-06-08 11:55:00+00:00,9,722.1
2000013628_00001,17,2018-05-09 09:50:00+00:00,2019-01-17 14:14:00+00:00,14,6076.4
2000013629_00001,12,2018-05-09 09:49:00+00:00,2018-07-12 10:55:00+00:00,12,1537.1
2000013630_00001,12,2018-05-09 10:08:00+00:00,2018-07-05 12:10:00+00:00,12,1370.03
2000013631_00001,13,2018-05-09 10:33:00+00:00,2018-08-02 14:07:00+00:00,13,2043.57
2000013632_00001,12,2018-05-09 10:34:00+00:00,2018-07-26 16:06:00+00:00,12,1877.53
2000013633_00001,13,2018-05-13 16:16:00+00:00,2018-09-13 14:41:00+00:00,13,2950.42
2000013634_00001,12,2018-05-14 08:48:00+00:00,2018-07-05 12:11:00+00:00,12,1251.38
2000013634_00002,12,2018-05-14 08:48:00+00:00,2018-07-05 12:11:00+00:00,12,1251.38
2000013635_00001,31,2018-05-14 09:40:00+00:00,2018-08-28 14:21:00+00:00,16,2548.68
2000013636_00001,14,2018-05-14 10:54:00+00:00,2018-07-05 12:12:00+00:00,14,1249.3
2000013637_00001,16,2018-05-15 09:30:00+00:00,2018-11-22 13:53:00+00:00,15,4588.38
2000013638_00001,14,2018-05-16 04:59:00+00:00,2018-09-06 12:08:00+00:00,13,2719.15
2000013639_00001,12,2018-05-16 05:38:00+00:00,2018-08-23 11:39:00+00:00,12,2382.02
2000013640_00001,12,2018-05-16 05:38:00+00:00,2018-07-26 16:06:00+00:00,12,1714.47
2000013641_00001,12,2018-05-16 05:38:00+00:00,2018-07-05 12:11:00+00:00,12,1206.55
2000013641_00002,12,2018-05-16 05:38:00+00:00,2018-07-05 12:11:00+00:00,12,1206.55
2000013641_00003,12,2018-05-16 05:38:00+00:00,2018-07-05 12:11:00+00:00,12,1206.55
2000013642_00001,13,2018-05-16 10:48:00+00:00,2018-07-12 10:55:00+00:00,13,1368.12
2000013642_00002,13,2018-05-16 10:48:00+00:00,2018-07-12 10:55:00+00:00,13,1368.12
2000013642_00003,13,2018-05-16 10:48:00+00:00,2018-07-12 10:55:00+00:00,13,1368.12
2000013642_00004,13,2018-05-16 10:48:00+00:00,2018-07-12 10:55:00+00:00,13,1368.12
2000013642_00005,13,2018-05-16 10:48:00+00:00,2018-07-12 10:55:00+00:00,13,1368.12
2000013643_00001,13,2018-05-16 13:03:00+00:00,2018-07-26 16:09:00+00:00,13,1707.1
2000013644_00001,12,2018-05-17 04:16:00+00:00,2018-08-23 11:40:00+00:00,12,2359.4
2000013644_00002,12,2018-05-17 04:16:00+00:00,2018-08-23 11:40:00+00:00,12,2359.4
2000013645_00001,12,2018-05-17 04:16:00+00:00,2018-07-26 16:06:00+00:00,12,1691.83
2000013645_00002,12,2018-05-17 04:16:00+00:00,2018-07-26 16:06:00+00:00,12,1691.83
2000013646_00001,12,2018-05-17 05:56:00+00:00,2018-07-26 16:06:00+00:00,12,1690.17
2000013646_00002,12,2018-05-17 05:56:00+00:00,2018-07-26 16:06:00+00:00,12,1690.17
2000013647_00001,12,2018-05-17 13:10:00+00:00,2018-07-05 12:10:00+00:00,12,1175.0
2000013647_00002,12,2018-05-17 13:10:00+00:00,2018-07-05 12:10:00+00:00,12,1175.0
2000013647_00003,12,2018-05-17 13:10:00+00:00,2018-07-05 12:10:00+00:00,12,1175.0
2000013648_00001,12,2018-05-17 13:10:00+00:00,2018-08-30 13:36:00+00:00,12,2520.43
2000013649_00001,13,2018-05-17 13:10:00+00:00,2018-08-09 12:28:00+00:00,13,2015.3
2000013650_00001,12,2018-05-17 13:13:00+00:00,2018-07-26 16:09:00+00:00,12,1682.93
2000013650_00002,12,2018-05-17 13:13:00+00:00,2018-07-26 16:09:00+00:00,12,1682.93
2000013651_00001,12,2018-05-18 05:48:00+00:00,2018-08-02 14:06:00+00:00,12,1832.3
2000013652_00001,21,2018-05-18 10:50:00+00:00,2018-06-14 13:01:00+00:00,15,650.18
2000013653_00001,12,2018-05-18 12:13:00+00:00,2018-08-30 13:38:00+00:00,12,2497.42
2000013654_00001,12,2018-05-22 15:18:00+00:00,2018-07-05 12:10:00+00:00,12,1052.87
2000013655_00001,18,2018-05-23 13:28:00+00:00,2018-05-24 11:39:00+00:00,12,22.18
2000013656_00001,18,2018-05-23 13:28:00+00:00,2018-05-24 11:38:00+00:00,12,22.17
2000013657_00001,23,2018-03-31 21:59:00+00:00,2019-01-04 22:59:00+00:00,13,6697.0
2000013658_00001,15,2018-05-24 08:05:00+00:00,2019-01-17 11:08:00+00:00,14,5715.05
2000013659_00001,13,2018-05-24 10:19:00+00:00,2018-07-26 16:09:00+00:00,13,1517.83
2000013660_00001,13,2018-05-24 09:39:00+00:00,2018-08-09 12:28:00+00:00,13,1850.82
2000013661_00001,12,2018-05-24 12:05:00+00:00,2018-07-05 12:11:00+00:00,12,1008.1
2000013662_00001,12,2018-05-24 12:52:00+00:00,2018-08-23 11:40:00+00:00,12,2182.8
2000013663_00001,13,2018-05-24 17:16:00+00:00,2018-11-22 13:54:00+00:00,13,4364.63
2000013664_00001,10,2018-05-25 04:48:00+00:00,2018-06-09 04:34:00+00:00,10,359.77
2000013665_00001,12,2018-05-18 21:59:00+00:00,2018-07-26 16:09:00+00:00,12,1650.17
2000013666_00001,12,2018-05-22 21:59:00+00:00,2018-07-26 16:09:00+00:00,12,1554.17
2000013667_00001,21,2018-05-25 07:09:00+00:00,2018-07-31 07:35:00+00:00,15,1608.43
2000013668_00001,12,2018-05-28 05:21:00+00:00,2018-07-05 12:10:00+00:00,12,918.82
2000013668_00002,12,2018-05-28 05:21:00+00:00,2018-07-05 12:10:00+00:00,12,918.82
2000013669_00001,27,2018-05-28 05:11:00+00:00,2019-01-17 11:08:00+00:00,17,5621.95
2000013670_00001,13,2018-05-28 07:59:00+00:00,2018-08-16 13:03:00+00:00,13,1925.07
2000013671_00001,13,2018-02-22 22:59:00+00:00,2018-06-14 13:01:00+00:00,13,2678.03
2000013672_00001,12,2018-05-29 14:45:00+00:00,2018-07-05 12:10:00+00:00,12,885.42
2000013673_00001,26,2018-05-30 03:53:00+00:00,2018-08-09 12:29:00+00:00,15,1712.6
2000013674_00001,12,2018-05-30 10:59:00+00:00,2018-08-23 11:40:00+00:00,12,2040.68
2000013674_00002,12,2018-05-30 10:59:00+00:00,2018-08-23 11:40:00+00:00,12,2040.68
2000013675_00001,21,2018-05-31 07:14:00+00:00,2018-08-09 12:29:00+00:00,15,1685.25
2000013676_00001,13,2018-05-10 21:59:00+00:00,2018-09-06 12:07:00+00:00,13,2846.13
2000013677_00001,38,2018-05-31 13:14:00+00:00,2018-10-26 09:03:00+00:00,15,3547.82
2000013678_00001,12,2018-06-01 08:24:00+00:00,2018-08-09 12:28:00+00:00,12,1660.07
2000013678_00002,12,2018-06-01 08:24:00+00:00,2018-08-09 12:28:00+00:00,12,1660.07
2000033448_00001,15,2018-06-04 04:38:00+00:00,2019-01-17 11:08:00+00:00,14,5454.5
2000033449_00001,15,2018-06-04 04:38:00+00:00,2019-01-17 11:08:00+00:00,14,5454.5
2000033450_00001,13,2018-06-04 12:01:00+00:00,2018-08-09 12:30:00+00:00,13,1584.48
2000033451_00001,17,2018-06-05 08:10:00+00:00,2018-10-18 15:21:00+00:00,15,3247.18
2000033452_00001,14,2018-06-05 09:29:00+00:00,2019-01-17 11:09:00+00:00,13,5425.67
2000033453_00001,12,2018-06-06 01:54:00+00:00,2018-08-09 12:28:00+00:00,12,1546.57
2000033454_00001,12,2018-06-06 06:11:00+00:00,2018-09-06 12:07:00+00:00,12,2213.93
2000033454_00002,10,2018-06-06 06:11:00+00:00,2018-06-07 06:52:00+00:00,10,24.68
2000033455_00001,12,2018-06-06 05:27:00+00:00,2018-08-30 13:36:00+00:00,12,2048.15
2000033456_00001,13,2018-06-06 06:50:00+00:00,2018-09-20 14:13:00+00:00,13,2551.38
2000033456_00002,13,2018-06-06 06:50:00+00:00,2018-09-20 14:13:00+00:00,13,2551.38
2000033456_00003,13,2018-06-06 06:50:00+00:00,2018-09-20 14:13:00+00:00,13,2551.38
2000033456_00004,13,2018-06-06 06:50:00+00:00,2018-09-20 14:13:00+00:00,13,2551.38
2000033457_00001,12,2018-06-06 11:45:00+00:00,2018-08-30 13:36:00+00:00,12,2041.85
2000033457_00002,12,2018-06-06 11:45:00+00:00,2018-08-30 13:36:00+00:00,12,2041.85
2000033458_00001,12,2018-06-06 11:45:00+00:00,2018-08-30 13:36:00+00:00,12,2041.85
2000033458_00002,12,2018-06-06 11:45:00+00:00,2018-08-30 13:36:00+00:00,12,2041.85
2000033458_00003,12,2018-06-06 11:45:00+00:00,2018-09-20 14:13:00+00:00,12,2546.47
2000033459_00001,13,2018-06-06 14:14:00+00:00,2018-07-05 12:13:00+00:00,13,693.98
2000033460_00001,13,2018-06-06 14:15:00+00:00,2018-08-09 12:29:00+00:00,13,1534.23
2000033461_00001,49,2018-06-07 06:47:00+00:00,2019-01-17 11:09:00+00:00,16,5380.37
2000033462_00001,28,2018-06-07 07:31:00+00:00,2018-11-29 15:16:00+00:00,13,4207.75
2000033463_00001,19,2018-06-07 12:11:00+00:00,2018-08-23 11:03:00+00:00,12,1846.87
2000033464_00001,14,2018-06-07 18:55:00+00:00,2018-08-09 12:28:00+00:00,14,1505.55
2000033464_00002,15,2018-06-07 18:55:00+00:00,2018-08-09 12:28:00+00:00,15,1505.55
2000033465_00001,31,2018-04-30 21:59:00+00:00,2018-11-12 08:27:00+00:00,18,4690.47
2000033466_00001,18,2018-06-08 07:34:00+00:00,2019-01-09 04:14:00+00:00,13,5156.67
2000033467_00001,21,2018-06-08 09:19:00+00:00,2018-10-04 14:50:00+00:00,13,2837.52
2000033468_00001,12,2018-06-11 03:52:00+00:00,2018-08-09 12:28:00+00:00,12,1424.6
2000033468_00002,12,2018-06-11 03:52:00+00:00,2018-08-09 12:28:00+00:00,12,1424.6
2000033468_00003,12,2018-06-11 03:52:00+00:00,2018-08-09 12:28:00+00:00,12,1424.6
2000033468_00004,12,2018-06-11 03:52:00+00:00,2018-08-09 12:28:00+00:00,12,1424.6
2000033469_00001,15,2018-06-11 05:53:00+00:00,2019-01-17 11:09:00+00:00,14,5285.27
2000033470_00001,15,2018-06-11 19:37:00+00:00,2019-01-17 11:09:00+00:00,14,5271.53
2000033471_00001,12,2018-06-12 07:58:00+00:00,2018-08-30 13:36:00+00:00,12,1901.63
2000033472_00001,12,2018-06-12 08:03:00+00:00,2018-09-06 12:06:00+00:00,12,2068.05
2000033473_00001,12,2018-06-12 09:02:00+00:00,2018-08-09 12:30:00+00:00,12,1395.47
2000033474_00001,13,2018-06-13 10:30:00+00:00,2018-07-26 16:07:00+00:00,13,1037.62
2000033475_00001,22,2018-06-14 10:41:00+00:00,2018-09-06 12:08:00+00:00,16,2017.45
2000033476_00001,13,2018-06-14 11:37:00+00:00,2018-08-09 12:29:00+00:00,13,1344.87
2000033477_00001,13,2018-06-15 05:09:00+00:00,2018-08-23 11:39:00+00:00,12,1662.5
2000033477_00002,13,2018-06-15 05:09:00+00:00,2018-08-23 11:39:00+00:00,12,1662.5
2000033478_00001,12,2018-06-15 05:09:00+00:00,2018-08-30 13:40:00+00:00,12,1832.52
2000033479_00001,12,2018-06-15 06:12:00+00:00,2018-08-30 13:40:00+00:00,12,1831.47
2000033479_00002,12,2018-06-15 06:12:00+00:00,2018-08-30 13:36:00+00:00,12,1831.4
2000033480_00001,13,2018-06-15 06:13:00+00:00,2018-08-02 14:07:00+00:00,13,1159.9
2000033481_00001,12,2018-06-15 06:11:00+00:00,2018-08-30 13:36:00+00:00,12,1831.42
2000033482_00001,14,2018-06-15 07:50:00+00:00,2019-01-17 11:09:00+00:00,13,5187.32
2000033483_00001,12,2018-06-15 08:24:00+00:00,2018-08-30 13:36:00+00:00,12,1829.2
2000033484_00001,12,2018-06-15 08:25:00+00:00,2018-08-09 12:28:00+00:00,12,1324.05
2000033484_00002,12,2018-06-15 08:25:00+00:00,2018-08-09 12:28:00+00:00,12,1324.05
2000033484_00003,12,2018-06-15 08:25:00+00:00,2018-08-09 12:28:00+00:00,12,1324.05
2000033484_00004,12,2018-06-15 08:25:00+00:00,2018-08-09 12:28:00+00:00,12,1324.05
2000033484_00005,12,2018-06-15 08:25:00+00:00,2018-08-09 12:28:00+00:00,12,1324.05
2000033485_00001,19,2018-06-18 04:33:00+00:00,2019-01-17 11:09:00+00:00,14,5118.6
2000033486_00001,15,2018-06-19 05:48:00+00:00,2018-09-06 12:06:00+00:00,12,1902.3
2000033487_00001,12,2018-06-19 06:26:00+00:00,2018-08-30 13:40:00+00:00,12,1735.23
2000033487_00002,12,2018-06-19 06:26:00+00:00,2018-09-13 14:42:00+00:00,12,2072.27
2000033488_00001,12,2018-06-19 07:45:00+00:00,2018-08-30 13:36:00+00:00,12,1733.85
2000033488_00002,12,2018-06-19 07:45:00+00:00,2018-08-30 13:36:00+00:00,12,1733.85
2000033489_00001,12,2018-06-19 10:50:00+00:00,2018-09-20 14:14:00+00:00,12,2235.4
2000033489_00002,12,2018-06-19 10:50:00+00:00,2018-09-20 14:14:00+00:00,12,2235.4
2000033490_00001,12,2018-06-19 11:43:00+00:00,2018-08-30 13:37:00+00:00,12,1729.9
2000033490_00002,12,2018-06-19 11:43:00+00:00,2018-08-30 13:37:00+00:00,12,1729.9
2000033491_00001,12,2018-06-20 12:04:00+00:00,2018-09-13 14:42:00+00:00,12,2042.63
2000033492_00001,12,2018-06-21 07:19:00+00:00,2018-09-06 12:06:00+00:00,12,1852.78
2000033493_00001,12,2018-06-21 11:02:00+00:00,2018-10-04 14:50:00+00:00,12,2523.8
2000033493_00002,12,2018-06-21 11:02:00+00:00,2018-10-04 14:50:00+00:00,12,2523.8
2000033494_00001,12,2018-06-21 11:46:00+00:00,2018-07-19 11:16:00+00:00,12,671.5
2000033494_00002,12,2018-06-21 11:46:00+00:00,2018-07-19 11:16:00+00:00,12,671.5
2000033494_00003,12,2018-06-21 11:46:00+00:00,2018-07-19 11:16:00+00:00,12,671.5
2000033495_00001,13,2018-06-22 05:33:00+00:00,2018-09-06 12:06:00+00:00,13,1830.55
2000033495_00002,13,2018-06-22 05:33:00+00:00,2018-09-06 12:06:00+00:00,13,1830.55
2000033495_00003,13,2018-06-22 05:33:00+00:00,2018-09-06 12:06:00+00:00,13,1830.55
2000033495_00004,13,2018-06-22 05:33:00+00:00,2018-09-06 12:06:00+00:00,13,1830.55
2000033495_00005,13,2018-06-22 05:33:00+00:00,2018-09-06 12:06:00+00:00,13,1830.55
2000033495_00006,13,2018-06-22 05:33:00+00:00,2018-09-06 12:06:00+00:00,13,1830.55
2000033496_00001,20,2018-06-22 05:50:00+00:00,2018-08-09 12:28:00+00:00,14,1158.63
2000033497_00001,12,2018-06-22 07:32:00+00:00,2018-08-30 13:36:00+00:00,12,1662.07
2000033497_00002,12,2018-06-22 07:32:00+00:00,2018-08-30 13:36:00+00:00,12,1662.07
2000033497_00003,12,2018-06-22 07:32:00+00:00,2018-08-30 13:36:00+00:00,12,1662.07
2000033498_00001,12,2018-06-22 08:11:00+00:00,2018-08-09 12:28:00+00:00,12,1156.28
2000033498_00002,12,2018-06-22 08:11:00+00:00,2018-09-06 12:06:00+00:00,12,1827.92
2000033499_00001,12,2018-06-22 08:11:00+00:00,2018-09-13 14:41:00+00:00,12,1998.5
2000033499_00002,12,2018-06-22 08:11:00+00:00,2018-09-13 14:41:00+00:00,12,1998.5
2000033500_00001,12,2018-06-22 08:11:00+00:00,2018-08-09 12:28:00+00:00,12,1156.28
2000033500_00002,12,2018-06-22 08:11:00+00:00,2018-08-09 12:28:00+00:00,12,1156.28
2000033500_00003,12,2018-06-22 08:11:00+00:00,2018-08-09 12:28:00+00:00,12,1156.28
2000033500_00004,12,2018-06-22 08:11:00+00:00,2018-08-09 12:28:00+00:00,12,1156.28
2000033500_00005,12,2018-06-22 08:11:00+00:00,2018-08-09 12:28:00+00:00,12,1156.28
2000033501_00001,12,2018-06-22 12:27:00+00:00,2018-08-30 13:36:00+00:00,12,1657.15
2000033501_00002,12,2018-06-22 12:27:00+00:00,2018-08-30 13:36:00+00:00,12,1657.15
2000033501_00003,12,2018-06-22 12:27:00+00:00,2018-08-30 13:36:00+00:00,12,1657.15
2000033501_00004,12,2018-06-22 12:27:00+00:00,2018-08-30 13:36:00+00:00,12,1657.15
2000033502_00001,13,2018-06-25 04:53:00+00:00,2018-11-08 15:45:00+00:00,13,3274.87
2000033503_00001,13,2018-06-25 05:02:00+00:00,2018-09-06 12:07:00+00:00,13,1759.08
2000033504_00001,12,2018-06-25 07:53:00+00:00,2018-08-30 13:36:00+00:00,12,1589.72
2000033505_00001,12,2018-06-26 06:51:00+00:00,2018-10-04 14:50:00+00:00,12,2407.98
2000033505_00002,12,2018-06-26 06:51:00+00:00,2018-10-04 14:50:00+00:00,12,2407.98
2000033505_00003,12,2018-06-26 06:51:00+00:00,2018-10-04 14:50:00+00:00,12,2407.98
2000033506_00001,12,2018-06-27 07:49:00+00:00,2018-08-09 12:28:00+00:00,12,1036.65
2000033506_00002,12,2018-06-27 07:49:00+00:00,2018-08-09 12:28:00+00:00,12,1036.65
2000033506_00003,12,2018-06-27 07:49:00+00:00,2018-08-09 12:28:00+00:00,12,1036.65
2000033506_00004,12,2018-06-27 07:49:00+00:00,2018-08-09 12:28:00+00:00,12,1036.65
2000033507_00001,21,2018-06-27 11:24:00+00:00,2018-08-30 13:36:00+00:00,15,1538.2
2000033507_00002,9,2018-06-27 11:24:00+00:00,2018-07-24 07:28:00+00:00,8,644.07
2000033508_00001,13,2018-06-28 07:49:00+00:00,2018-07-19 11:17:00+00:00,13,507.47
2000033509_00001,9,2018-06-28 08:47:00+00:00,2018-09-04 12:32:00+00:00,9,1635.75
2000033510_00001,12,2018-06-28 09:46:00+00:00,2018-07-26 16:07:00+00:00,12,678.35
2000033511_00001,26,2018-06-28 11:07:00+00:00,2018-10-04 14:50:00+00:00,15,2355.72
2000033512_00001,9,2018-06-28 18:39:00+00:00,2018-12-18 13:13:00+00:00,8,4146.57
2000033513_00001,35,2018-06-28 18:51:00+00:00,2019-01-17 11:09:00+00:00,14,4864.3
2000033514_00001,13,2018-06-28 18:51:00+00:00,2018-08-30 13:39:00+00:00,13,1506.8
2000033515_00001,29,2018-06-29 08:28:00+00:00,2018-12-14 15:50:00+00:00,14,4039.37
2000033516_00001,13,2018-06-29 09:11:00+00:00,2018-08-30 13:39:00+00:00,13,1492.47
2000033517_00001,13,2018-06-29 09:11:00+00:00,2018-09-06 12:08:00+00:00,13,1658.95
2000033518_00001,12,2018-06-29 09:17:00+00:00,2018-09-06 12:06:00+00:00,12,1658.82
2000033519_00001,13,2018-06-29 09:11:00+00:00,2018-08-30 13:41:00+00:00,13,1492.5
2000033520_00001,13,2018-06-29 09:11:00+00:00,2018-09-06 12:08:00+00:00,13,1658.95
2000033521_00001,12,2018-06-30 08:44:00+00:00,2018-09-28 08:26:00+00:00,12,2159.7
2000033521_00002,12,2018-06-30 08:44:00+00:00,2018-09-28 08:26:00+00:00,12,2159.7
2000033522_00001,12,2018-07-02 12:18:00+00:00,2018-09-28 08:26:00+00:00,12,2108.13
2000033523_00001,13,2018-07-03 10:49:00+00:00,2018-09-28 08:26:00+00:00,13,2085.62
2000033524_00001,12,2018-07-03 12:42:00+00:00,2018-09-06 12:08:00+00:00,12,1559.43
2000033525_00001,12,2018-07-04 09:04:00+00:00,2018-09-06 12:06:00+00:00,12,1539.03
2000033525_00002,12,2018-07-04 09:04:00+00:00,2018-09-06 12:06:00+00:00,12,1539.03
2000033526_00001,12,2018-07-04 09:04:00+00:00,2018-08-02 14:06:00+00:00,12,701.03
2000033526_00002,12,2018-07-04 09:04:00+00:00,2018-08-02 14:06:00+00:00,12,701.03
2000033527_00001,9,2018-07-04 09:28:00+00:00,2018-07-10 06:36:00+00:00,9,141.13
2000033528_00001,20,2018-07-05 05:50:00+00:00,2018-09-06 12:08:00+00:00,14,1518.3
2000033529_00001,12,2018-06-04 21:59:00+00:00,2018-09-06 12:07:00+00:00,12,2246.13
2000033530_00001,65,2018-03-31 21:59:00+00:00,2019-01-03 15:12:00+00:00,13,6665.22
2000033531_00001,12,2018-07-06 04:32:00+00:00,2018-09-28 08:26:00+00:00,12,2019.9
2000033531_00002,12,2018-07-06 04:32:00+00:00,2018-09-28 08:26:00+00:00,12,2019.9
2000033532_00001,14,2018-07-06 05:01:00+00:00,2018-09-28 08:26:00+00:00,12,2019.42
2000033532_00002,12,2018-07-06 05:01:00+00:00,2018-09-28 08:26:00+00:00,12,2019.42
2000033533_00001,13,2018-07-06 05:55:00+00:00,2018-08-30 13:39:00+00:00,13,1327.73
2000033534_00001,22,2018-07-06 09:51:00+00:00,2018-09-28 08:28:00+00:00,16,2014.62
2000033535_00001,14,2018-07-06 10:17:00+00:00,2018-09-13 14:41:00+00:00,14,1660.4
2000033536_00001,12,2018-07-09 07:55:00+00:00,2019-01-04 22:59:00+00:00,12,4311.07
2000033537_00001,12,2018-07-09 11:11:00+00:00,2018-09-28 08:26:00+00:00,12,1941.25
2000033538_00001,12,2018-07-09 10:47:00+00:00,2018-09-13 14:41:00+00:00,12,1587.9
2000033539_00001,12,2018-07-09 11:11:00+00:00,2018-09-28 08:26:00+00:00,12,1941.25
2000033539_00002,12,2018-07-09 11:11:00+00:00,2018-09-28 08:26:00+00:00,12,1941.25
2000033540_00001,19,2018-07-09 15:52:00+00:00,2018-12-18 13:51:00+00:00,15,3885.98
2000033541_00001,13,2018-07-09 15:53:00+00:00,2018-11-08 15:44:00+00:00,13,2927.85
2000033542_00001,12,2018-07-10 09:26:00+00:00,2018-09-28 08:26:00+00:00,12,1919.0
2000033543_00001,12,2018-07-10 09:26:00+00:00,2018-09-28 08:26:00+00:00,12,1919.0
2000033544_00001,8,2018-07-10 09:26:00+00:00,2018-07-10 11:26:00+00:00,8,2.0
2000033545_00001,12,2018-07-10 11:35:00+00:00,2018-09-06 12:06:00+00:00,12,1392.52
2000033545_00002,12,2018-07-10 11:35:00+00:00,2018-09-06 12:06:00+00:00,12,1392.52
2000033545_00003,12,2018-07-10 11:35:00+00:00,2018-09-06 12:06:00+00:00,12,1392.52
2000033545_00004,12,2018-07-10 11:35:00+00:00,2018-09-06 12:06:00+00:00,12,1392.52
2000033545_00005,12,2018-07-10 11:35:00+00:00,2018-09-06 12:06:00+00:00,12,1392.52
2000033545_00006,12,2018-07-10 11:35:00+00:00,2018-09-06 12:06:00+00:00,12,1392.52
2000033545_00007,12,2018-07-10 11:35:00+00:00,2018-09-06 12:06:00+00:00,12,1392.52
2000033546_00001,12,2018-07-10 12:09:00+00:00,2018-10-26 09:02:00+00:00,12,2588.88
2000033546_00002,12,2018-07-10 12:09:00+00:00,2018-10-26 09:02:00+00:00,12,2588.88
2000033546_00003,9,2018-07-10 12:09:00+00:00,2018-10-17 12:28:00+00:00,9,2376.32
2000033546_00004,12,2018-07-10 12:09:00+00:00,2018-10-26 09:02:00+00:00,12,2588.88
2000033546_00005,12,2018-07-10 12:09:00+00:00,2018-10-26 09:02:00+00:00,12,2588.88
2000033546_00006,12,2018-07-10 12:09:00+00:00,2018-10-26 09:02:00+00:00,12,2588.88
2000033546_00007,12,2018-07-10 12:09:00+00:00,2018-10-26 09:02:00+00:00,12,2588.88
2000033547_00001,12,2018-07-10 15:30:00+00:00,2018-09-28 08:29:00+00:00,12,1912.98
2000033547_00002,12,2018-07-10 15:30:00+00:00,2018-09-28 08:29:00+00:00,12,1912.98
2000033548_00001,13,2018-07-11 04:43:00+00:00,2018-08-30 13:39:00+00:00,13,1208.93
2000033549_00001,13,2018-07-11 04:43:00+00:00,2018-09-06 12:08:00+00:00,13,1375.42
2000033550_00001,12,2018-07-12 04:24:00+00:00,2018-09-28 08:29:00+00:00,12,1876.08
2000033550_00002,12,2018-07-12 04:24:00+00:00,2018-09-28 08:29:00+00:00,12,1876.08
2000033551_00001,12,2018-07-12 07:29:00+00:00,2018-09-28 08:26:00+00:00,12,1872.95
2000033552_00001,25,2018-07-12 07:29:00+00:00,2018-07-24 07:29:00+00:00,12,288.0
2000033553_00001,12,2018-07-12 12:06:00+00:00,2018-09-13 14:41:00+00:00,12,1514.58
2000033554_00001,12,2018-07-12 12:07:00+00:00,2018-08-30 13:40:00+00:00,12,1177.55
2000033555_00001,13,2018-07-13 05:34:00+00:00,2018-10-18 13:32:00+00:00,13,2335.97
2000033556_00001,8,2018-07-13 05:21:00+00:00,2018-07-13 07:21:00+00:00,8,2.0
2000033557_00001,12,2018-07-13 10:16:00+00:00,2018-09-06 12:06:00+00:00,12,1321.83
2000033558_00001,12,2018-07-13 09:53:00+00:00,2018-09-06 12:06:00+00:00,12,1322.22
2000033558_00002,12,2018-07-13 09:53:00+00:00,2018-09-06 12:06:00+00:00,12,1322.22
2000033559_00001,12,2018-07-16 06:55:00+00:00,2018-09-28 08:26:00+00:00,12,1777.52
2000033560_00001,12,2018-07-17 06:09:00+00:00,2018-09-06 12:06:00+00:00,12,1229.95
2000033560_00002,12,2018-07-17 06:09:00+00:00,2018-09-06 12:06:00+00:00,12,1229.95
2000033560_00003,12,2018-07-17 06:09:00+00:00,2018-09-06 12:06:00+00:00,12,1229.95
2000033561_00001,12,2018-07-17 07:16:00+00:00,2018-09-06 12:08:00+00:00,12,1228.87
2000033562_00001,27,2018-07-17 08:29:00+00:00,2018-11-29 15:16:00+00:00,17,3246.78
2000033563_00001,13,2018-07-17 17:55:00+00:00,2018-10-26 09:04:00+00:00,13,2415.15
2000033564_00001,12,2018-07-18 03:29:00+00:00,2018-09-06 12:06:00+00:00,12,1208.62
2000033565_00001,13,2018-07-18 11:08:00+00:00,2018-11-01 15:26:00+00:00,13,2548.3
2000033565_00002,13,2018-07-18 11:08:00+00:00,2018-11-01 15:26:00+00:00,13,2548.3
2000033565_00003,13,2018-07-18 11:08:00+00:00,2018-11-01 15:26:00+00:00,13,2548.3
2000033565_00004,13,2018-07-18 11:08:00+00:00,2018-11-01 15:26:00+00:00,13,2548.3
2000033566_00001,12,2018-07-18 12:33:00+00:00,2018-09-28 08:26:00+00:00,12,1723.88
2000033567_00001,13,2018-07-19 09:14:00+00:00,2018-10-26 09:01:00+00:00,13,2375.78
2000033568_00001,13,2018-07-19 11:42:00+00:00,2018-09-06 12:08:00+00:00,13,1176.43
2000033569_00001,12,2018-07-20 05:32:00+00:00,2018-11-22 13:53:00+00:00,12,3008.35
2000033570_00001,12,2018-07-20 10:29:00+00:00,2018-11-15 14:35:00+00:00,12,2836.1
2000033571_00001,12,2018-07-20 12:53:00+00:00,2018-09-06 12:06:00+00:00,12,1151.22
2000033572_00001,12,2018-07-20 12:59:00+00:00,2018-12-07 08:05:00+00:00,12,3355.1
2000033573_00001,12,2018-07-23 09:30:00+00:00,2018-09-20 14:13:00+00:00,12,1420.72
2000033574_00001,13,2018-07-24 11:38:00+00:00,2018-11-29 15:16:00+00:00,13,3075.63
2000033575_00001,13,2018-07-05 21:59:00+00:00,2018-08-30 13:41:00+00:00,13,1335.7
2000033576_00001,12,2018-07-26 09:33:00+00:00,2018-10-26 09:02:00+00:00,12,2207.48
2000033577_00001,21,2018-07-27 12:54:00+00:00,2018-12-21 13:34:00+00:00,13,3528.67
2000033578_00001,12,2018-07-27 14:59:00+00:00,2018-09-06 12:06:00+00:00,12,981.12
2000033578_00002,12,2018-07-27 14:59:00+00:00,2018-09-06 12:06:00+00:00,12,981.12
2000033578_00003,12,2018-07-27 14:59:00+00:00,2018-09-06 12:06:00+00:00,12,981.12
2000033579_00001,21,2018-07-29 07:52:00+00:00,2018-10-04 14:50:00+00:00,15,1614.97
2000033580_00001,13,2018-07-29 07:59:00+00:00,2018-10-26 09:04:00+00:00,13,2137.08
2000033581_00001,13,2018-07-29 07:59:00+00:00,2018-09-28 08:29:00+00:00,13,1464.5
2000033582_00001,13,2018-07-29 07:59:00+00:00,2018-10-04 14:50:00+00:00,13,1614.85
2000033583_00001,14,2018-03-21 22:59:00+00:00,2018-09-06 12:08:00+00:00,14,4045.15
2000033584_00001,13,2018-07-30 17:35:00+00:00,2018-10-04 14:50:00+00:00,13,1581.25
2000033585_00001,13,2018-07-31 06:44:00+00:00,2018-09-28 08:27:00+00:00,13,1417.72
2000033586_00001,13,2018-07-31 14:09:00+00:00,2018-10-04 14:50:00+00:00,13,1560.68
2000033587_00001,18,2018-06-12 21:59:00+00:00,2018-09-28 08:27:00+00:00,15,2578.47
2000033588_00001,13,2018-08-01 14:40:00+00:00,2018-10-11 11:47:00+00:00,13,1701.12
2000033589_00001,13,2018-04-09 21:59:00+00:00,2018-08-23 11:40:00+00:00,13,3253.68
2000033590_00001,12,2018-08-04 09:56:00+00:00,2018-10-26 09:01:00+00:00,12,1991.08
2000033590_00002,12,2018-08-04 09:56:00+00:00,2018-10-26 09:01:00+00:00,12,1991.08
2000033591_00001,13,2018-08-06 04:37:00+00:00,2018-10-26 09:04:00+00:00,13,1948.45
2000033592_00001,12,2018-08-07 13:46:00+00:00,2019-01-04 22:59:00+00:00,12,3609.22
2000033592_00002,12,2018-08-07 13:46:00+00:00,2018-10-26 09:01:00+00:00,12,1915.25
2000033593_00001,12,2018-08-08 08:49:00+00:00,2018-10-26 09:04:00+00:00,12,1896.25
2000033593_00002,12,2018-08-08 08:49:00+00:00,2018-10-26 09:04:00+00:00,12,1896.25
2000033593_00003,12,2018-08-08 08:49:00+00:00,2018-10-26 09:04:00+00:00,12,1896.25
2000033594_00001,12,2018-08-08 10:32:00+00:00,2018-10-26 09:01:00+00:00,12,1894.48
2000033595_00001,12,2018-08-08 10:45:00+00:00,2018-11-15 14:35:00+00:00,12,2379.83
2000033596_00001,12,2018-08-09 08:09:00+00:00,2018-10-26 09:01:00+00:00,12,1872.87
2000033597_00001,12,2018-08-09 08:09:00+00:00,2018-10-26 09:01:00+00:00,12,1872.87
2000033597_00002,12,2018-08-09 08:09:00+00:00,2018-10-26 09:01:00+00:00,12,1872.87
2000033598_00001,13,2018-08-09 12:08:00+00:00,2018-09-28 08:29:00+00:00,13,1196.35
2000033599_00001,12,2018-08-09 11:10:00+00:00,2018-10-04 14:48:00+00:00,12,1347.63
2000033600_00001,13,2018-08-11 07:39:00+00:00,2018-11-08 15:45:00+00:00,13,2144.1
2000033601_00001,12,2018-08-13 07:48:00+00:00,2018-10-26 09:01:00+00:00,12,1777.22
2000033602_00001,13,2018-08-13 12:04:00+00:00,2018-10-04 14:50:00+00:00,13,1250.77
2000033603_00001,12,2018-08-14 13:37:00+00:00,2018-10-04 14:48:00+00:00,12,1225.18
2000033603_00002,12,2018-08-14 13:37:00+00:00,2018-10-04 14:48:00+00:00,12,1225.18
2000033603_00003,12,2018-08-14 13:37:00+00:00,2018-10-04 14:48:00+00:00,12,1225.18
2000033604_00001,12,2018-08-15 05:02:00+00:00,2018-10-26 09:01:00+00:00,12,1731.98
2000033605_00001,13,2018-08-15 10:56:00+00:00,2018-10-04 14:48:00+00:00,13,1203.87
2000033605_00002,13,2018-08-15 10:56:00+00:00,2018-10-04 14:48:00+00:00,13,1203.87
2000033605_00003,13,2018-08-15 10:56:00+00:00,2018-10-04 14:48:00+00:00,13,1203.87
2000033605_00004,13,2018-08-15 10:56:00+00:00,2018-10-04 14:48:00+00:00,13,1203.87
2000033605_00005,13,2018-08-15 10:56:00+00:00,2018-10-04 14:48:00+00:00,13,1203.87
2000033605_00006,13,2018-08-15 10:56:00+00:00,2018-10-04 14:48:00+00:00,13,1203.87
2000033605_00007,13,2018-08-15 10:56:00+00:00,2018-10-04 14:48:00+00:00,13,1203.87
2000033605_00008,13,2018-08-15 10:56:00+00:00,2018-10-04 14:48:00+00:00,13,1203.87
2000033605_00009,13,2018-08-15 10:56:00+00:00,2018-10-04 14:48:00+00:00,13,1203.87
2000033605_00010,13,2018-08-15 10:56:00+00:00,2018-10-04 14:48:00+00:00,13,1203.87
2000033605_00011,13,2018-08-15 10:56:00+00:00,2018-10-04 14:48:00+00:00,13,1203.87
2000033606_00001,13,2018-08-16 05:40:00+00:00,2018-10-04 14:50:00+00:00,13,1185.17
2000033607_00001,13,2018-08-14 21:59:00+00:00,2018-09-28 08:29:00+00:00,13,1066.5
2000033608_00001,13,2018-08-16 13:51:00+00:00,2018-10-26 09:04:00+00:00,13,1699.22
2000033609_00001,12,2018-08-20 06:17:00+00:00,2018-10-26 09:01:00+00:00,12,1610.73
2000033609_00002,12,2018-08-20 06:17:00+00:00,2018-10-26 09:01:00+00:00,12,1610.73
2000033610_00001,12,2018-08-20 06:17:00+00:00,2018-10-26 09:04:00+00:00,12,1610.78
2000033611_00001,12,2018-08-20 06:18:00+00:00,2018-10-04 14:48:00+00:00,12,1088.5
2000033611_00002,12,2018-08-20 06:18:00+00:00,2018-10-04 14:48:00+00:00,12,1088.5
2000033612_00001,12,2018-08-20 07:23:00+00:00,2018-11-01 15:26:00+00:00,12,1760.05
2000033612_00002,12,2018-08-20 07:23:00+00:00,2018-11-01 15:26:00+00:00,12,1760.05
2000033612_00003,12,2018-08-20 07:23:00+00:00,2018-11-01 15:26:00+00:00,12,1760.05
2000033613_00001,12,2018-08-20 10:36:00+00:00,2018-09-13 14:41:00+00:00,12,580.08
2000033614_00001,12,2018-08-20 13:06:00+00:00,2018-09-13 14:41:00+00:00,12,577.58
2000033615_00001,13,2018-08-21 06:24:00+00:00,2018-10-26 09:04:00+00:00,13,1586.67
2000033616_00001,12,2018-08-21 09:08:00+00:00,2018-09-20 07:30:00+00:00,12,718.37
2000033617_00001,12,2018-08-21 09:29:00+00:00,2018-10-04 14:48:00+00:00,12,1061.32
2000033617_00002,12,2018-08-21 09:29:00+00:00,2018-10-04 14:48:00+00:00,12,1061.32
2000033617_00003,12,2018-08-21 09:29:00+00:00,2018-10-04 14:48:00+00:00,12,1061.32
2000033617_00004,12,2018-08-21 09:29:00+00:00,2018-10-04 14:48:00+00:00,12,1061.32
2000033617_00005,12,2018-08-21 09:29:00+00:00,2018-10-04 14:48:00+00:00,12,1061.32
2000033617_00006,12,2018-08-21 09:29:00+00:00,2018-10-04 14:48:00+00:00,12,1061.32
2000033618_00001,12,2018-08-21 10:15:00+00:00,2018-10-26 09:01:00+00:00,12,1582.77
2000033619_00001,24,2018-08-21 11:11:00+00:00,2018-11-29 15:16:00+00:00,15,2404.08
2000033620_00001,37,2018-07-05 21:59:00+00:00,2019-01-11 03:48:00+00:00,13,4541.82
2000033621_00001,12,2018-08-23 12:05:00+00:00,2019-01-12 01:12:00+00:00,12,3397.12
2000033622_00001,13,2018-08-27 07:30:00+00:00,2018-11-29 15:13:00+00:00,13,2263.72
2000033623_00001,12,2018-08-27 07:55:00+00:00,2018-09-20 14:13:00+00:00,12,582.3
2000033624_00001,12,2018-08-27 13:15:00+00:00,2018-10-04 14:48:00+00:00,12,913.55
2000033625_00001,12,2018-08-28 06:48:00+00:00,2018-10-11 11:47:00+00:00,12,1060.98
2000033626_00001,13,2018-08-28 10:10:00+00:00,2018-10-04 14:48:00+00:00,13,892.63
2000033627_00001,13,2018-08-28 10:52:00+00:00,2018-11-08 15:45:00+00:00,13,1732.88
2000033628_00001,13,2018-08-28 13:16:00+00:00,2018-10-04 14:50:00+00:00,13,889.57
2000033629_00001,13,2018-08-28 13:16:00+00:00,2018-11-08 15:45:00+00:00,13,1730.48
2000033630_00001,12,2018-08-29 05:50:00+00:00,2018-10-26 09:01:00+00:00,12,1395.18
2000033631_00001,13,2018-08-30 12:02:00+00:00,2018-11-08 15:45:00+00:00,13,1683.72
2000033632_00001,12,2018-08-30 13:05:00+00:00,2018-11-08 15:43:00+00:00,12,1682.63
2000033633_00001,12,2018-08-31 05:17:00+00:00,2018-11-08 15:44:00+00:00,12,1666.45
2000033634_00001,13,2018-08-31 09:52:00+00:00,2018-10-11 11:47:00+00:00,13,985.92
2000033635_00001,21,2018-08-31 09:53:00+00:00,2018-10-26 09:03:00+00:00,15,1343.17
2000052669_00001,12,2018-09-03 06:28:00+00:00,2018-10-26 09:02:00+00:00,12,1274.57
2000052670_00001,9,2018-09-03 08:20:00+00:00,2019-01-14 10:48:00+00:00,9,3194.47
2000052671_00001,13,2018-09-03 12:16:00+00:00,2018-11-08 15:45:00+00:00,13,1587.48
2000052672_00001,13,2018-09-03 12:16:00+00:00,2018-11-22 13:53:00+00:00,13,1921.62
2000052673_00001,12,2018-09-04 17:07:00+00:00,2018-11-08 15:44:00+00:00,12,1558.62
2000052674_00001,12,2018-09-05 06:11:00+00:00,2019-01-08 13:39:00+00:00,12,3007.47
2000052675_00001,12,2018-09-05 09:28:00+00:00,2018-11-29 15:14:00+00:00,12,2045.77
2000052676_00001,12,2018-09-05 12:25:00+00:00,2018-11-08 15:44:00+00:00,12,1539.32
2000052676_00002,12,2018-09-05 12:25:00+00:00,2018-11-08 15:44:00+00:00,12,1539.32
2000052676_00003,12,2018-09-05 12:25:00+00:00,2018-11-08 15:44:00+00:00,12,1539.32
2000052676_00004,12,2018-09-05 12:25:00+00:00,2018-11-08 15:44:00+00:00,12,1539.32
2000052676_00005,12,2018-09-05 12:25:00+00:00,2018-11-08 15:44:00+00:00,12,1539.32
2000052676_00006,12,2018-09-05 12:25:00+00:00,2018-11-08 15:44:00+00:00,12,1539.32
